Workbook

Sheet 電機廠報告與驗收規範
B1: 綠底為電機規格 | D1: 黃底為量測結果 | Y1: 紅底為驗收標準
B2: 馬達型號 | F2: 馬達型態(感應/永磁) | H2: 額定電壓*(Vrms) | J2: 額定轉速(rpm) | L2: 額定功率(kW) | N2: 額定轉矩(Nm) | P2: 額定電流(Arms) | R2: 額定頻率(Hz) | T2: 電機耐壓** (Vrms) | V2: Max acc.運行秒數(s) | Y2: S2 目標轉速(rpm)(註1) | AA2: S3/S6 目標轉速(rpm)(註1) | AC2: S3/S6 目標負荷時間率(%) | AE2: Max acc. 目標轉速(rpm)
B3: α12L (SIMW-132N-15-08) | F3: 感應 | H3: 260 | J3: 1500 | L3: 11 | N3: 70 | P3: 32.3 | R3: 51.5 | T3: 380 | V3: =AB84 -> 20 | Y3: 1500 | AA3: 1500 | AC3: 15
F4: 轉子慣量(kgm2) | H4: 最大轉速(rpm) | J4: 最大轉矩Mmax(Nm) | L4: 最大電流Imax(Arms) | N4: 激磁電流(Arms) | P4: 電機極數(Poles) | R4: 150%過負載運轉時間(s) | T4: 冷卻規格(kw / BTU) | V4: Max acc.最大轉矩(Nm) | W4: Max acc.最大電流(Arms) | Y4: S2 目標扭矩(Nm) | AA4: S3/S6 目標扭矩(Nm) | AE4: Max acc. 目標扭矩(Nm)
F5: 0.07697 | H5: 8000 | J5: =MAX(N56:N58) -> 140 | L5: =MAX((R56+S56+T56)/3,(R57+S57+T57)/3,(R58+S58+T58)/3) -> 67.8 | N5: 14.35 | P5: 4 | R5: =J53 -> 1800 | T5: =ROUND(Y29,2)&" / "&ROUND(Z29,0) -> 1.5 / 5130 | V5: =N84 -> NA | W5: =AVERAGE(U84:W84) -> 113.76667 | Y5: 105 | AA5: 140
B7: 測試類型 | C7: 步驟 | D7: 測試項目 | F7: 測試方式 | J7: 測試結果 | AC7: 合格標準 (請電機廠提供標準) | AE7: 備註/說明 (例：測試方式、量測儀器…等)
B8: 半成品 | C8: 1 | D8: 動平衡檢驗 | F8: 紀錄轉子動平衡檢測數值 | AC8: 0.8mm/sec
B9: 半成品 | C9: 2 | D9: 匝間絕緣測試 | F9: 使用耐壓測試儀，測試各相線圈間衰減震盪波型差異。 | J9: 測試電壓(V) | L9: AC1000 | M9: AC1000 | N9: AC1000 | AC9: ≦10%
J10: 測試時間(s) | L10: 60 | M10: 60 | N10: 60
J11: 波型差異(%) | L11: U - V | M11: V - W | N11: U - W
L12: 1.2 | M12: 8.6 | N12: 8.2
B13: 上電前 | C13: 3 | D13: 繞組電阻測試 | F13: 使用低阻計量測U-V，V-W，U-W線電阻 | J13: 參數來源 | L13: Ru-v(Ω) | M13: Rv-w(Ω) | N13: Ru-w(Ω) | O13: Ravg (Ω) | AC13: ±3%
J14: 量測數值 | L14: 0.27 | M14: 0.27 | N14: 0.27 | O14: 0.27
J15: 規格書(設計值) | L15: 0.27 | M15: 0.27 | N15: 0.27 | O15: 0.27
J16: 誤差 | L16: =(L14-O14)/O14 -> 0 | M16: =(M14-O14)/O14 -> 0 | N16: =(N14-O14)/O14 -> 0 | O16: =(O14-O15)/O15 -> 0
B17: 上電前 | C17: 4 | D17: 繞組絕緣阻抗測試 | F17: 使用耐壓測試儀，同時測試三相繞組對殼之間絕緣阻抗 | J17: 測試電壓(V) | L17: DC500V | AC17: ≧100MΩ
J18: 測試時間(s) | L18: 60
J19: 三相繞組對殼之間絕緣阻抗(Ohm) | L19: 1512M
B20: 上電前 | C20: 5 | D20: 繞組耐壓測試 | F20: 使用耐壓測試儀，同時測試三相繞組對殼之間漏電流 | J20: 測試電壓(V) | L20: AC1800 | AC20: ≦15mA
J21: 測試時間(s) | L21: 60
J22: 三相繞組與機殼間漏電流(mA) | L22: 5.1
B23: 上電前 | C23: 6 | D23: 外型圖檢驗 | F23: 確認電機安裝外型尺寸與外型圖相符 | J23: 是
B24: 上電前 | C24: 7 | D24: 軸偏擺檢驗 | F24: 以千分表量測電機軸心末端偏擺量 | J24: 0.01 | AC24: ≦0.01mm
B25: 上電前 | C25: 8 | D25: 接線方式 | F25: 紀錄三角接或是Y接，確認測試時電機接線方式 | J25: 接線方式 | L25: Y
B26: 上電後 | C26: 9 | D26: 溫升測試 (此項參數已連結，由連結表格輸入) | F26: 測試項目一 : 空載測試。 測試項目二 : 額定測試。(S1 連續工作制) | J26: 電機運轉操作型態 | L26: 測試條件 (空/水/油冷) | M26: 實驗環溫 (°C) | N26: 線圈溫度 (°C) | O26: 前軸承溫度 (°C) | P26: 後軸承溫度 (°C) | Q26: 編碼器溫度 (°C) | R26: 外殼溫度 (°C) | S26: 達穩態或110°C的時間 (min) | U26: 冷卻液設定流量 (L/min) | V26: 冷卻液實際流量 (L/min) | W26: 冷卻液進口溫度 (°C) | X26: 冷卻液出口溫度 (°C) | Y26: 冷卻能力 (kw) | Z26: 冷卻能力 (BTU/h)
J27: 空載額定轉速操作 | L27: =馬達溫升實驗表格!C15 -> 水 | M27: =馬達溫升實驗表格!D15 -> 29.7 | N27: =馬達溫升實驗表格!E15 -> 36.1 | O27: =馬達溫升實驗表格!F15 -> 34.6 | P27: =馬達溫升實驗表格!G15 -> 32.1 | Q27: =馬達溫升實驗表格!H15 -> 29.6 | R27: =馬達溫升實驗表格!I15 -> 28.9 | S27: =馬達溫升實驗表格!J15 -> 150 | U27: =馬達溫升實驗表格!K15 -> 4 | V27: =馬達溫升實驗表格!L15 -> 10 | W27: =馬達溫升實驗表格!M15 -> 25.6 | X27: =馬達溫升實驗表格!N15 -> 27.2 | Y27: =馬達溫升實驗表格!O15 -> 1.0934187 | Z27: =馬達溫升實驗表格!P15 -> 3730.7445
J28: 空載最大轉速操作 | M28: =馬達溫升實驗表格!D16 -> 29.9 | N28: =馬達溫升實驗表格!E16 -> 39.2 | O28: =馬達溫升實驗表格!F16 -> 67 | P28: =馬達溫升實驗表格!G16 -> 46 | Q28: =馬達溫升實驗表格!H16 -> 38.2 | R28: =馬達溫升實驗表格!I16 -> 31.7 | S28: =馬達溫升實驗表格!J16 -> 150 | U28: =馬達溫升實驗表格!K16 -> 4 | V28: =馬達溫升實驗表格!L16 -> 10 | W28: =馬達溫升實驗表格!M16 -> 26.4 | X28: =馬達溫升實驗表格!N16 -> 27.9 | Y28: =馬達溫升實驗表格!O16 -> 1.02508 | Z28: =馬達溫升實驗表格!P16 -> 3497.573
J29: 連續工作制(S1) (額定轉速) | M29: =馬達溫升實驗表格!D17 -> 35 | N29: =馬達溫升實驗表格!E17 -> 62.3 | O29: =馬達溫升實驗表格!F17 -> 41.1 | P29: =馬達溫升實驗表格!G17 -> 40.8 | Q29: =馬達溫升實驗表格!H17 -> 39.5 | R29: =馬達溫升實驗表格!I17 -> 35.2 | S29: =馬達溫升實驗表格!J17 -> 180 | U29: =馬達溫升實驗表格!K17 -> 10 | V29: =馬達溫升實驗表格!L17 -> 10 | W29: =馬達溫升實驗表格!M17 -> 25.3 | X29: =馬達溫升實驗表格!N17 -> 27.5 | Y29: =馬達溫升實驗表格!O17 -> 1.5034507 | Z29: =馬達溫升實驗表格!P17 -> 5129.7737
J30: 1. 溫度量測點 : 定子線圈繞阻、編碼器、外殼表面、前後軸承溫度、冷卻液進出口水溫(電機側) 2. 測試條件若為空冷，則冷卻液流量後的數據免填 3. 實際冷卻流量請填入量測到之數值 4. 冷卻液進口溫度範圍請控制在25~30°C
B31: 上電後 | C31: 10 | D31: S1 100%負載連續使用測試 | F31: 電機於溫升測試達熱穩態後後進行T-N與P-N曲線測試。 參考以下紀錄負載T-N與P-N曲線測試數據 初始轉速: 50%額定轉速測試 轉速間隔: 50%額定轉速 最終轉速:電機最高轉速規格 最終扭力: 該轉速對應T-N曲線規格最大扭力 以"量測轉速"等於"目標轉速"的情況下進行測試，加大扭力會增加滑差、使"量測轉速"降低，請再提高轉速命令(同步頻率)，使"量測轉速"等於"目標轉速"，再紀錄測試結果 如果因實驗設備限制，請註明可以實測的轉矩與速度的範圍；並且提供建議的測試操作點。(請電機廠備註使用的驅動器) 無法提供的數據請備註原因, 並填上N/A 其餘細節參考表格下方備註 | J31: 目標轉速(%) (註2) | K31: 目標轉速(RPM) | L31: 轉矩設定(%) | M31: 轉矩設定(Nm)(註1) | N31: 量測轉速(RPM) | O31: 同步頻率(Hz) | P31: 量測轉矩(Nm) | Q31: 線電壓1 (Vrms) | R31: 線電壓2 (Vrms) | S31: 線電壓3 (Vrms) | T31: 線電流1 (Arms) | U31: 線電流2 (Arms) | V31: 線電流3 (Arms) | W31: 電機輸入功率(kW) | X31: 電機輸出功率(kW) | Y31: 功因 | Z31: 效率(%)
J33: 0.5 | K33: =J33*$J$3 -> 750 | L33: 1 | M33: =L33*$N$3 -> 70 | N33: 749 | O33: 26.4 | P33: 70.14 | Q33: 134.1 | R33: 134.2 | S33: 134..1 | T33: 32.2 | U33: 32.3 | V33: 32.1 | W33: 6.75 | X33: 5.5 | Y33: 0.89 | Z33: 81.6
J34: 1 | K34: =J34*$J$3 -> 1500 | L34: 1 | M34: =L34*$N$3 -> 70 | N34: 1502 | O34: 51.3 | P34: 69.36 | Q34: 257.5 | R34: 257.5 | S34: 257.7 | T34: 32.3 | U34: 32.1 | V34: 32.2 | W34: 12.53 | X34: 10.91 | Y34: 0.87 | Z34: 87
J35: 1.5 | K35: =J35*$J$3 -> 2250 | L35: =IF($M35 = $N$3/$J35,1/$J35,M35/$N$3) -> 0.66666667 | M35: =$N$3/$J35 -> 46.666667
J36: 2 | K36: =J36*$J$3 -> 3000 | L36: =IF($M36 = $N$3/$J36,1/$J36,M36/$N$3) -> 0.5 | M36: =$N$3/$J36 -> 35
J37: 2.5 | K37: =J37*$J$3 -> 3750 | L37: =IF($M37 = $N$3/$J37,1/$J37,M37/$N$3) -> 0.4 | M37: =$N$3/$J37 -> 28
J38: 3 | K38: =J38*$J$3 -> 4500 | L38: =IF($M38 = $N$3/$J38,1/$J38,M38/$N$3) -> 0.33333333 | M38: =$N$3/$J38 -> 23.333333
J39: 3.5 | K39: =J39*$J$3 -> 5250 | L39: =IF($M39 = $N$3/$J39,1/$J39,M39/$N$3) -> 0.28571429 | M39: =$N$3/$J39 -> 20
J40: 4 | K40: =J40*$J$3 -> 6000 | L40: =IF($M40 = $N$3/$J40,1/$J40,M40/$N$3) -> 0.25 | M40: =$N$3/$J40 -> 17.5
J41: 最高轉速 | K41: =H5 -> 8000 | L41: =IF($M41 = $N$3/($H$5/$J$3),1/($H$5/$J$3),$M40/$N$3) -> 0.1875 | M41: =$N$3/($H$5/$J3) -> 13.125
B42: 上電後 | C42: 11 | D42: S2 短時間使用過負載測試 [ S2 N sec. ] | F42: 電機於一定負荷下,，短時間連續運轉 N sec (註5) a .負載率 : 於S2目標轉速下須為S2目標扭矩。額定轉速後定功率區轉矩設定依照推算的設定。 b. 運轉時間 : 在一定負載下電機由啟動運轉未達熱平衡之時間 (註2)。 (啟動溫度需與測試環境差在2°C之內)。 參考以下紀錄負載T-N與P-N曲線測試數據 初始轉速: S2目標轉速/50%額定轉速測試 (S2目標轉速≦額定轉速) 轉速間隔: 50%額定轉速(100%目標轉速以上) 最終轉速:電機最高轉速規格 最終扭力: 該轉速對應T-N曲線規格最大扭力 無法提供的數據請備註原因， 並填上N/A 其餘細節參考表格下方備註 | J42: 目標轉速(%) (註3) | K42: 目標轉速(RPM) | L42: 轉矩設定(%) | M42: 轉矩設定(Nm) (註1) | N42: 量測轉速(RPM) | O42: 同步頻率(Hz) | P42: 量測轉矩(Nm) | Q42: 線電壓1 (Vrms) | R42: 線電壓2 (Vrms) | S42: 線電壓3 (Vrms) | T42: 線電流1 (Arms) | U42: 線電流2 (Arms) | V42: 線電流3 (Arms) | W42: 電機輸入功率(kW) | X42: 電機輸出功率(kW) | Y42: 功因 | Z42: 效率(%)
J44: =IF(J3>Y3,Y3/J3*100%,"50%") -> 50% | K44: =J44*$J$3 -> 750 | L44: =M44/N3 -> 1.5 | M44: =IF(J3>Y3,Y3*Y5/K44,Y5) -> 105 | N44: 749 | O44: 27.4 | P44: 105.3 | Q44: 138.6 | R44: 138.5 | S44: 138.5 | T44: 48.4 | U44: 48.2 | V44: 48.3 | W44: 10.65 | X44: 8.27 | Y44: 0.91 | Z44: 77.6
J45: 1 | K45: =J45*$J$3 -> 1500 | L45: =IF($M45 = $N$3*1.5/$J45,1.5/$J45,$M45/$N$3) -> 1.5 | M45: =IF(J3>Y3,Y3*Y5/K45,Y5) -> 105 | N45: 1490 | O45: 55 | P45: 105.9 | Q45: 258.3 | R45: 258.3 | S45: 258.4 | T45: 48.3 | U45: 48.1 | V45: 48.2 | W45: 19.51 | X45: 16.4 | Y45: 0.91 | Z45: 83.2
J46: 1.5 | K46: =J46*$J$3 -> 2250 | L46: =IF($M46 = $N$3*1.5/$J46,1.5/$J46,$M46/$N$3) -> 1 | M46: =$N$3*L45*J45/J46 -> 70
J47: 2 | K47: =J47*$J$3 -> 3000 | L47: =IF($M47 = $N$3*1.5/$J47,1.5/$J47,$M47/$N$3) -> 0.75 | M47: =$N$3*L46*J46/J47 -> 52.5
J48: 2.5 | K48: =J48*$J$3 -> 3750 | L48: =IF($M48 = $N$3*1.5/$J48,1.5/$J48,$M48/$N$3) -> 0.6 | M48: =$N$3*L47*J47/J48 -> 42
J49: 3 | K49: =J49*$J$3 -> 4500 | L49: =IF($M49 = $N$3*1.5/$J49,1.5/$J49,$M49/$N$3) -> 0.5 | M49: =$N$3*L48*J48/J49 -> 35
J50: 3.5 | K50: =J50*$J$3 -> 5250 | L50: =IF($M50 = $N$3*1.5/$J50,1.5/$J50,$M50/$N$3) -> 0.42857143 | M50: =$N$3*L49*J49/J50 -> 30
J51: 4 | K51: =J51*$J$3 -> 6000 | L51: =IF($M51 = $N$3*1.5/$J51,1.5/$J51,$M51/$N$3) -> 0.375 | M51: =$N$3*L50*J50/J51 -> 26.25
J52: 最高轉速 | K52: =H5 -> 8000 | L52: =IF($M41 = $N$3/($H$5/$J$3),1/($H$5/$J$3),$M40/$N$3) -> 0.1875 | M52: =$N$3*L51*J51/(H5/J3) -> 19.6875
F53: 額定轉速下150%負載運行時間 ( N sec ) | J53: 1800 | M53: =IF(OR(ISBLANK(Y3)),"N/A",IF(AND(J3=Y3,N3*1.5=Y5),"N/A",IF(J3=Y3,ROUND(J45*100,0),ROUND(J44*100,0))&"%額定轉速"&IF(J3=Y3,ROUND(L45*100,0),ROUND(L44*100,0))&"%負載運行時間 ( N sec )")) -> N/A
B54: 上電後 | C54: 12 | D54: ="S3 / S6 反覆使用測試 [ S3 / S6 "&IF(ISBLANK(AC3),"15~60",AC3)&"% 10min. ] ( 以 S6 為主, 若因設備無法達到, 則測 S3 )" -> S3 / S6 反覆使用測試 [ S3 / S6 15% 10min. ] ( 以 S6 為主, 若因設備無法達到, 則測 S3 ) | F54: 測試電機在一定轉速、負載(註1)、未達熱平衡下(註2)，進行週期運轉： a.測試週期 : 10 min/cylce b.負荷時間率(duty)限制範圍 : 目標負荷時間率+ 5% c. S3 : 電機按一系列相同的工作周期運行，每一周期包括一段恆定負載運行時間和一段斷能停轉時間 S6 : 電機按一系列相同的工作周期運行，每一周期包括一段恆定負載運行時間和一段無負載運行時間 初始轉速: S3/S6目標轉速 轉速間隔: 50%額定轉速 最終轉速:電機最高轉速規格 最終扭力: 該轉速對應T-N曲線規格最大扭力 量測記錄點 : 如左圖黃色標示處，於負載下紀錄達熱平衡前各項數據 無法提供的數據請備註原因， 並填上N/A 其餘細節參考表格下方備註 | J54: 測試編號 (註4) | K54: 目標轉速(%) (註3) | L54: 目標轉速(RPM) | M54: 轉矩設定(%) | N54: 轉矩設定(Nm) | O54: 負荷時間率 (%) (註1) | P54: 量測轉速(RPM) | Q54: 量測轉矩 (Nm) | R54: 線電流1 (Arms) | S54: 線電流2 (Arms) | T54: 線電流3 (Arms) | U54: 電機輸出功率(kW) | V54: 達熱平衡前溫度
V55: 實驗環溫 (°C) | W55: 線圈溫度 (°C) | X55: 前軸承溫度 (°C) | Y55: 後軸承溫度 (°C) | Z55: 編碼器溫度 (°C) | AA55: 外殼溫度 (°C)
J56: ="(1)" -> (1) | K56: =IF(J3>AA3,AA3/J3*100%,"60%") -> 60% | L56: =K56*$J$3 -> 900 | M56: =IF(ISBLANK(AA3),"≥100%",N56/$N$3) -> 2 | N56: =AA5 -> 140 | P56: 900 | Q56: 140.8 | R56: 67.9 | S56: 67.7 | T56: 67.8 | U56: 18.1
J57: ="(2)" -> (2) | K57: =IF(J3>AA3,AA3/J3*100%,"80%") -> 80% | L57: =K57*$J$3 -> 1200 | M57: =IF(ISBLANK(AA3),"≥100%",N57/$N$3) -> 2 | N57: =AA5 -> 140 | P57: 1201 | Q57: 140.6 | R57: 66.5 | S57: 66.3 | T57: 66.4 | U57: 17.7
J58: ="(3)" -> (3) | K58: 1 | L58: =K58*$J$3 -> 1500 | M58: =IF(ISBLANK(N58),"≥100%",N58/$N$3) -> 2 | N58: =IF(J3>AA3,IF(MAX($N$57*$K$57,$N$56*$K$56)=$N$57*$K$57,$N$57*$K$57,$N$56*$K$56)/$K58,AA5) -> 140 | O58: 15 | P58: 1493 | Q58: 140.65 | R58: 66.9 | S58: 66.8 | T58: 66.6 | U58: 21.9 | V58: 32.2 | W58: 81.9 | X58: 43.4 | Y58: 43.8 | Z58: 41.8 | AA58: 36.2
J59: ="(4)" -> (4) | K59: =K58+50% -> 1.5 | L59: =K59*$J$3 -> 2250 | M59: =N59/$N$3 -> 1.3333333 | N59: =IF(MAX($N$58*$K$58,$N$57*$K$57,$N$56*$K$56)=$N$58*$K$58,$K$58*$N$58,IF(MAX($N$58*$K$58,$N$57*$K$57,$N$56*$K$56)=$N$57*$K$57,$K$57*$K$57,$K$56*$N$56))/$K59 -> 93.333333
J60: ="(5)" -> (5) | K60: =K59+50% -> 2 | L60: =K60*$J$3 -> 3000 | M60: =N60/$N$3 -> 1 | N60: =IF(MAX($N$58*$K$58,$N$57*$K$57,$N$56*$K$56)=$N$58*$K$58,$K$58*$N$58,IF(MAX($N$58*$K$58,$N$57*$K$57,$N$56*$K$56)=$N$57*$K$57,$K$57*$K$57,$K$56*$N$56))/$K60 -> 70
J61: ="(6)" -> (6) | K61: =K60+50% -> 2.5 | L61: =K61*$J$3 -> 3750 | M61: =N61/$N$3 -> 0.8 | N61: =IF(MAX($N$58*$K$58,$N$57*$K$57,$N$56*$K$56)=$N$58*$K$58,$K$58*$N$58,IF(MAX($N$58*$K$58,$N$57*$K$57,$N$56*$K$56)=$N$57*$K$57,$K$57*$K$57,$K$56*$N$56))/$K61 -> 56
J62: ="(7)" -> (7) | K62: =K61+50% -> 3 | L62: =K62*$J$3 -> 4500 | M62: =N62/$N$3 -> 0.66666667 | N62: =IF(MAX($N$58*$K$58,$N$57*$K$57,$N$56*$K$56)=$N$58*$K$58,$K$58*$N$58,IF(MAX($N$58*$K$58,$N$57*$K$57,$N$56*$K$56)=$N$57*$K$57,$K$57*$K$57,$K$56*$N$56))/$K62 -> 46.666667
J63: ="(8)" -> (8) | K63: =K62+50% -> 3.5 | L63: =K63*$J$3 -> 5250 | M63: =N63/$N$3 -> 0.57142857 | N63: =IF(MAX($N$58*$K$58,$N$57*$K$57,$N$56*$K$56)=$N$58*$K$58,$K$58*$N$58,IF(MAX($N$58*$K$58,$N$57*$K$57,$N$56*$K$56)=$N$57*$K$57,$K$57*$K$57,$K$56*$N$56))/$K63 -> 40
J64: ="(9)" -> (9) | K64: =K63+50% -> 4 | L64: =K64*$J$3 -> 6000 | M64: =N64/$N$3 -> 0.5 | N64: =IF(MAX($N$58*$K$58,$N$57*$K$57,$N$56*$K$56)=$N$58*$K$58,$K$58*$N$58,IF(MAX($N$58*$K$58,$N$57*$K$57,$N$56*$K$56)=$N$57*$K$57,$K$57*$K$57,$K$56*$N$56))/$K64 -> 35
J65: ="(10)" -> (10) | K65: 最高轉速 | L65: =H5 -> 8000 | M65: =N65/$N$3 -> 0.375 | N65: =IF(MAX($N$58*$K$58,$N$57*$K$57,$N$56*$K$56)=$N$58*$K$58,$K$58*$N$58,IF(MAX($N$58*$K$58,$N$57*$K$57,$N$56*$K$56)=$N$57*$K$57,$K$57*$K$57,$K$56*$N$56))/(L65/J3) -> 26.25
F66: 測試項目 ( 填S3 / S6 ) | J66: S6 | M66: 平均負荷時間率(%) | O66: =IF(ISBLANK(O58),"15~60",ROUND(AVERAGE(O56:O65),0)) -> 15
F67: 額定轉速內最大負載率 (%) | J67: =J5/N3 -> 2
B68: 上電後 | C68: 13 | D68: 提供等校參數 (實測值) | F68: 透過實驗法實測感應電機的等校電路 確認電機參數與規格的誤差 | J68: 代號 | K68: 名稱 | P68: 設計值 | R68: 測試結果 | T68: 誤差
J70: R1 | K70: 定子電阻 | M70: stator resistance | P70: 0.135 | Q70: Ω | R70: 0.135 | S70: Ω | T70: =(R70-P70)/P70 -> 0
J71: R2 | K71: 轉子電阻 | M71: rotor resistance | P71: 0.1693 | Q71: Ω | R71: 0.1693 | S71: Ω | T71: =(R71-P71)/P71 -> 0
J72: X1 | K72: 定子漏電感抗 | M72: stator leakage reactance | P72: 0.3406 | Q72: Ω | R72: 0.3406 | S72: Ω | T72: =(R72-P72)/P72 -> 0
J73: X2 | K73: 轉子漏電感抗 | M73: rotor leakage reactance | P73: 0.3406 | Q73: Ω | R73: 0.3406 | S73: Ω | T73: =(R73-P73)/P73 -> 0
J74: Xm | K74: 激磁感抗 | M74: Magnetization reactance | P74: 10.001 | Q74: Ω | R74: 10.001 | S74: Ω | T74: =(R74-P74)/P74 -> 0
B75: 上電後 | C75: 14 | D75: 轉差率測試 | F75: 額定負載下，實際轉速須達額定轉速 *此項測試自動連結第12項測試額定點結果，不需填寫 | J75: 測試項目 | K75: 設計值 | L75: 測試結果 | M75: 單位 | N75: 誤差
J76: 額定電流 | K76: =P3 -> 32.3 | L76: =SUM(T34:V34)/3 -> 32.2 | M76: Arms | N76: =(L76-K76)/K76 -> -0.0030959752
J77: 同步轉速 | K77: =120*R3/P5 -> 1545 | L77: =O34*120/P5 -> 1539 | M77: rpm | N77: =(L77-K77)/K77 -> -0.0038834951
J78: 額定轉速 | K78: =J3 -> 1500 | L78: =N34 -> 1502 | M78: rpm | N78: =(L78-K78)/K78 -> 0.0013333333
J79: 轉差率 | K79: =(K77-K78)/K77*100 -> 2.9126214 | L79: =(L77-L78)/L77*100 -> 2.4041585 | M79: % | N79: =(L79-K79)/K79 -> -0.17457223
B80: 上電後 | C80: 15 | D80: 激磁電流測試 | F80: 空載環境測試，額定電壓、額定頻率下，量測激磁電流大小 | J80: 測試項目 | K80: 設計值 | L80: 測試結果 | M80: 單位 | N80: 誤差
J81: 激磁電流 | K81: =N5 -> 14.35 | L81: 14.35 | M81: Arms | N81: =(L81-K81)/K81 -> 0
B82: 上電後 | C82: 16 | D82: Max acc. 加速度測試 | F82: 測試電機在一定轉速下，瞬間可達到的最大扭矩(註1)，並記錄在最大扭矩下最大轉速之測試點，到達溫昇限制(註2)前運轉秒數 a.目標電壓：自行調整變頻器/驅動器電壓，符合讓電機在目標電壓下運行，且不超過電機耐壓。 無法提供的數據請備註原因， 並填上N/A 其餘細節參考表格下方備註 | J82: 目標電壓(V) | K82: 目標轉速(%) | L82: 目標轉速(RPM) | M82: 轉矩設定(%) | N82: 轉矩設定(Nm) (註1) | O82: 量測轉速(RPM) | P82: 同步頻率(Hz) | Q82: 量測轉矩(Nm) | R82: 線電壓1 (Vrms) | S82: 線電壓2 (Vrms) | T82: 線電壓3 (Vrms) | U82: 線電流1 (Arms) | V82: 線電流2 (Arms) | W82: 線電流3 (Arms) | X82: 電機輸入功率(kW) | Y82: 電機輸出功率(kW) | Z82: 功因 | AA82: 效率(%) | AB82: 運行時間(s) (註3)
J84: =IF(ISBLANK(T3)," ","≦"&T3) -> ≦380 | K84: =L84/$J$3*100% -> 0 | L84: =$AE$3 -> 0 | M84: =IF(ISBLANK(AE5),"≧目標轉矩",IF(ISBLANK(N84),"≧"&ROUND(AE5/$N$3,2)*100&"%",ROUND(N84/$N$3,2)*100&"%")) -> ≧目標轉矩 | N84: NA | O84: 1470 | P84: 51.67 | Q84: 284.9 | R84: 376 | S84: 376 | T84: 375.9 | U84: 113.8 | V84: 113.8 | W84: 113.7 | X84: 54.48 | Y84: 43.88 | Z84: 0.73 | AA84: 80.5 | AB84: 20
B85: 上電後 | C85: 17 | D85: 振動等級測試 | F85: 測試環境 : 1.空載測試，若有鍵槽，嵌入半鍵並套上套筒 2.以10Hz高通濾波器量測振動，濾除低頻環境振動 3.將電機放置鎖固在治具上 測試點 : 共測試六個位置(註1) 1.電機前端水平 2.電機前端垂直 3.電機前端軸向 4.電機尾端水平 5.電機尾端垂直 6.電機尾端軸向 測試轉速 : 由額定轉速開始測試至最高轉速，每次轉速提高1000RPM | J85: 轉速(RPM) | K85: 電機前端水平(μm) | M85: 電機前端垂直(μm) | O85: 電機前端軸向(μm) | Q85: 電機尾端水平(μm) | S85: 電機尾端垂直(μm) | U85: 電機尾端軸向(μm) | W85: 各轉速最大值
W86: =MAX(K86:V86) -> 0
W87: =MAX(K87:V87) -> 0
W88: =MAX(K88:V88) -> 0
W89: =MAX(K89:V89) -> 0
W90: =MAX(K90:V90) -> 0
W91: =MAX(K91:V91) -> 0
W92: =MAX(K92:V92) -> 0
W93: =MAX(K93:V93) -> 0
W94: =MAX(K94:V94) -> 0
W95: =MAX(K95:V95) -> 0
W96: =MAX(K96:V96) -> 0
W97: =MAX(K97:V97) -> 0
... W105: =MAX(K105:V105) -> 0
U106: 最大值 | W106: =MAX(W86:W105) -> 0
B107: 上電後 | C107: 18 | D107: 噪音測試 | F107: 測試環境: 1. 空載測試，若有鍵槽，嵌入半鍵並套上套筒 2. 將分貝計置於距電機約1公尺，並與電機同高度 3. 廠內相對安靜的區域(ex. 上下左右皆大於一公尺的空曠空間) 測試點: 1. 電機後方 2. 電機側邊 測試項目: 1. 環境噪音 2. 運轉後噪音 測試轉速 : 由額定轉速開始測試至最高轉速，每次轉速提高1000RPM | J107: 測量位置 | K107: 電機後方 | O107: 電機側邊
J108: 轉速(RPM) | K108: 環境噪音(dB) | M108: 運轉後噪音(dB) | O108: 環境噪音(dB) | Q108: 運轉後噪音(dB)
B131: 驗收標準備註 :
B132: 註1 : S2、S3/S6目標轉速≦額定轉速。
B134: 項次10備註 :
B135: 註1 : 額定轉速後依照額定功率推算轉矩設定。
...

Sheet 馬達溫升實驗表格
B2: 馬達型號 | D2: 馬達型態 | E2: 電壓(Vrms) | F2: 額定轉速(rpm) | G2: 額定功率(kW) | H2: 額定扭矩(Nm) | I2: 額定電流(A) | J2: 最大轉速(rpm) | K2: 弱磁轉速(rpm) | L2: 最大扭矩Mmax(Nm) | M2: 最大電流Imax(A) | N2: 啟動扭矩Mo(Nm) | O2: 啟動電流Io(A)
B3: =電機廠報告與驗收規範!B3 -> α12L (SIMW-132N-15-08) | D3: =電機廠報告與驗收規範!F3 -> 感應 | E3: =電機廠報告與驗收規範!H3 -> 260 | F3: =電機廠報告與驗收規範!J3 -> 1500 | G3: =電機廠報告與驗收規範!L3 -> 11 | H3: =電機廠報告與驗收規範!N3 -> 70 | I3: =電機廠報告與驗收規範!P3 -> 32.3 | J3: =電機廠報告與驗收規範!H5 -> 8000 | K3: =電機廠報告與驗收規範!#REF! -> #REF! | L3: =電機廠報告與驗收規範!J5 -> 140 | M3: =電機廠報告與驗收規範!L5 -> 67.8 | N3: =電機廠報告與驗收規範!#REF! -> #REF! | O3: =電機廠報告與驗收規範!#REF! -> #REF!
B6: 冷卻液種類 | C6: 密度(g/cm3) | D6: 比熱(J/gK) | E6: 黏度(mm2/s)
B7: 水 | C7: 0.98 | D7: 4.184 | E7: 0.893
B8: 備註: 1. 若種類為水，則請填入: 密度= 0.98、比熱 = 4.184、黏度 = 0.893 2. 若種類為油或其他冷卻液，請填入對應規格
B14: 電機運轉操作型態 | C14: 測試條件(空/水/油冷) | D14: 實驗環溫(°C) | E14: 線圈溫度(°C) | F14: 前軸承溫度(°C) | G14: 後軸承溫度(°C) | H14: 編碼器溫度(°C) | I14: 外殼溫度(°C) | J14: 達穩態或110°C的時間(min) | K14: 冷卻液流量(L/min) | L14: 冷卻液實際流量(L/min) | M14: 冷卻液進口溫度(°C) | N14: 冷卻液出口溫度(°C) | O14: 冷卻能力(kw) | P14: 冷卻能力(BTU/h)
B15: 空載額定轉速操作 | C15: 水 | D15: 29.7 | E15: 36.1 | F15: 34.6 | G15: 32.1 | H15: 29.6 | I15: 28.9 | J15: 150 | K15: 4 | L15: 10 | M15: 25.6 | N15: 27.2 | O15: =((L15*0.001/60)*($C$7*1000)*$D$7*(N15-M15)) -> 1.0934187 | P15: =O15*3412 -> 3730.7445
B16: 空載最大轉速操作 | D16: 29.9 | E16: 39.2 | F16: 67 | G16: 46 | H16: 38.2 | I16: 31.7 | J16: 150 | K16: 4 | L16: 10 | M16: 26.4 | N16: 27.9 | O16: =((L16*0.001/60)*($C$7*1000)*$D$7*(N16-M16)) -> 1.02508 | P16: =O16*3412 -> 3497.573
B17: 連續工作制(S1) (額定轉速) | D17: 35 | E17: 62.3 | F17: 41.1 | G17: 40.8 | H17: 39.5 | I17: 35.2 | J17: 180 | K17: 10 | L17: 10 | M17: 25.3 | N17: 27.5 | O17: =((L17*0.001/60)*($C$7*1000)*$D$7*(N17-M17)) -> 1.5034507 | P17: =O17*3412 -> 5129.7737
K18: 7.5 | O18: =((L18*0.001/60)*($C$7*1000)*$D$7*(N18-M18)) -> 0 | P18: =O18*3412 -> 0
K19: 4 | O19: =((L19*0.001/60)*($C$7*1000)*$D$7*(N19-M19)) -> 0 | P19: =O19*3412 -> 0
B20: 連續工作制(S1) (1500RPM) | K20: 4 | O20: =((L20*0.001/60)*($C$7*1000)*$D$7*(N20-M20)) -> 0 | P20: =O20*3412 -> 0
B21: （擴充欄位） | K21: 4 | O21: =((L21*0.001/60)*($C$7*1000)*$D$7*(N21-M21)) -> 0 | P21: =O21*3412 -> 0
B22: 備註: 1. 溫度量測點 : 定子線圈繞阻、編碼器、外殼表面、前後軸承溫度、冷卻液進出口水溫(電機側) 2. 測試條件若為空冷，則從冷卻液流量後的數據免填寫，且各測試條件數據填寫一列即可 3. 實際冷卻流量請填入量測到之數值 4. 冷卻液進口溫度範圍請控制在25~30°C
B30: 實驗環溫要求:-15°C to 40°C | I30: 一、測試項目一：空載測試。 -空載額定轉速操作：零轉矩、額定轉速下運行 -空載最大轉速操作：零轉矩、最大轉速下運行 測試步驟： 1. 冷卻液按照表格內設定流量（若冷卻方式為水冷需調整） 2. 30min內溫度差小於1度C則判斷達到穩定 紀錄 ： 達穩定後記錄實際冷卻液流量、電機進出口溫度、穩定溫度數值、達穩態或110℃的時間。 二、測試項目二 ：額定測試（S1 連續工作制） -連續工作制(S1) (額定轉速)：額定轉矩、額定轉速下運行 -連續工作制(S1) (1500RPM)：額定轉矩、1500rpm下運行 測試步驟： 1.冷卻液按照表格內設定流量（若冷卻方式為水冷需調整） 2.，4HR內溫度差小於1度C則判斷達到穩定 紀錄 ： 達穩定後記錄實際冷卻液流量、電機進出口溫度、穩定溫度數值、達穩態或110℃的時間。 三、於報告與驗收規範表內備註欄位填寫： 1.量測方式 2.量測儀器 3.驅動器廠牌、型號、新代驅動器另紀錄版本與參數 4.水冷/油冷機型號 所有量測點溫升限制 ：依循新代電機溫昇標準
B31: 海拔高度(m) | D31: 環境溫度(°C)
D32: 40 | E32: 45 | F32: 50 | G32: 55
B33: 1000 | D33: 1 | E33: 0.96 | F33: 0.92 | G33: 0.87
B34: 1500 | D34: 0.97 | E34: 0.93 | F34: 0.89 | G34: 0.84
B35: 2000 | D35: 0.94 | E35: 0.9 | F35: 0.86 | G35: 0.82
B36: 2500 | D36: 0.9 | E36: 0.86 | F36: 0.83 | G36: 0.78
B37: 3000 | D37: 0.86 | E37: 0.82 | F37: 0.79 | G37: 0.75
B38: 3500 | D38: 0.82 | E38: 0.79 | F38: 0.75 | G38: 0.71
B39: 4000 | D39: 0.77 | E39: 0.74 | F39: 0.71 | G39: 0.67
D42: 連續工作制(S1)
B43: 超載比率 | D43: 1

Sheet 新代驅動器參數
C1: Version | D1: 1.15
C2: 此頁面為自動計算請勿修改
D3: 轉換新代驅動器參數
B4: Index | C4: Pn | D4: 描述 | E4: 數值 | F4: 單位
B5: =HEX2DEC(C5) -> 1792 | C5: 700 | D5: 馬達型態 | E5: 2 | F5: --
B6: =HEX2DEC(C6) -> 1793 | C6: 701 | D6: 馬達極數 | E6: =電機廠報告與驗收規範!P5 -> 4 | F6: --
B7: =HEX2DEC(C7) -> 1800 | C7: 708 | D7: 馬達額定扭矩 | E7: =電機廠報告與驗收規範!N3*10 -> 700 | F7: 0.1N-m
B8: =HEX2DEC(C8) -> 1802 | C8: 70A | D8: 馬達最大扭矩 | E8: =MAX(電機廠報告與驗收規範!J5/電機廠報告與驗收規範!N3,電機廠報告與驗收規範!L5/電機廠報告與驗收規範!P3)*1000 -> 2099.0712 | F8: 0.1%
B9: =HEX2DEC(C9) -> 1804 | C9: 70C | D9: 馬達額定轉速 | E9: =電機廠報告與驗收規範!J3 -> 1500 | F9: rev/min
B10: =HEX2DEC(C10) -> 1806 | C10: 70E | D10: 馬達最高轉速 | E10: =電機廠報告與驗收規範!H5 -> 8000 | F10: rev/min
B11: =HEX2DEC(C11) -> 1808 | C11: 710 | D11: 馬達額定電流 | E11: =電機廠報告與驗收規範!P3*10 -> 323 | F11: 0.1Arms
B12: =HEX2DEC(C12) -> 1810 | C12: 712 | D12: 感應電機額定電壓 | E12: =電機廠報告與驗收規範!H3*10 -> 2600 | F12: 0.1Vrms
B13: =HEX2DEC(C13) -> 1812 | C13: 714 | D13: 電機激磁軸感抗 | E13: =(D25+D26)*1000 -> 31959.549 | F13: 0.001mH | G13: Lm+L1
B14: =HEX2DEC(C14) -> 1814 | C14: 716 | D14: 電機扭力軸感抗 | E14: =(D25+D26)*1000 -> 31959.549 | F14: 0.001mH | G14: Lm+L1
B15: =HEX2DEC(C15) -> 1816 | C15: 718 | D15: 電機阻抗 | E15: =D28*1000 -> 135 | F15: 0.001Ohm | G15: R1
B16: =HEX2DEC(C16) -> 1818 | C16: 71A | D16: 感應電機漏感比 | E16: =(1-D25^2/(D25+D26)/(D25+D27))*1000 -> 64.785174 | F16: 0.1% | G16: 1-Lm^2/(Lm+L1)/(Lm+L2)
B17: =HEX2DEC(C17) -> 1820 | C17: 71C | D17: 感應電機激磁電流 | E17: =SQRT( (AVERAGE(電機廠報告與驗收規範!Q34:S34) / SQRT(3))^2 + AVERAGE(電機廠報告與驗收規範!T34:'電機廠報告與驗收規範'!V34)^2*(電機廠報告與驗收規範!R70^2+電機廠報告與驗收規範!R72^2) - 2 * AVERAGE(電機廠報告與驗收規範!Q34:S34) / SQRT(3) * AVERAGE(電機廠報告與驗收規範!T34:'電機廠報告與驗收規範'!V34)*SQRT(電機廠報告與驗收規範!R70^2+電機廠報告與驗收規範!R72^2) * COS( PI()/2 - ACOS(電機廠報告與驗收規範!Y34) - ATAN(電機廠報告與驗收規範!R70/電機廠報告與驗收規範!R72) ) ) / 電機廠報告與驗收規範!R74/(E11/10)*1000 -> 432.5043 | F17: 0.1% | G17: 激磁電流/額定電流
B18: =HEX2DEC(C18) -> 1822 | C18: 71E | D18: 感應電機轉子時間常數 | E18: =(電機廠報告與驗收規範!L76^2-(E11*0.1*E17*0.001)^2)^(1/2)/(E11*0.1*E17*0.001)/(電機廠報告與驗收規範!L79/100*電機廠報告與驗收規範!L77*2*PI()/60)/(電機廠報告與驗收規範!P5/2)*10000 -> 2679.9136 | F18: 0.1ms | G18: ((額定電流^2-激磁電流^2)^1/2)/slip/激磁電流/(pole/2)
B19: =HEX2DEC(C19) -> 1824 | C19: 720 | D19: 轉子慣量 | E19: =電機廠報告與驗收規範!F5*10000000 -> 769700 | F19: g-cm2
B20: =HEX2DEC(C20) -> 1832 | C20: 728 | D20: 電流迴路積分時間常數 | E20: =E16*E13/E15*0.1 -> 1533.7074 | F20: 0.01ms | G20: sigma*Ls/R1
B21: =HEX2DEC(C21) -> 1834 | C21: 72A | D21: 過負載150%運轉時間 | E21: =電機廠報告與驗收規範!R5 -> 1800 | F21: s
C22: 730 | D22: 智慧溫控最大扭矩 | E22: =IF(電機廠報告與驗收規範!N84="",1000,1000*MAX(電機廠報告與驗收規範!V5/電機廠報告與驗收規範!N3,電機廠報告與驗收規範!W5/電機廠報告與驗收規範!P3)) -> #VALUE! | F22: 0.1%
C23: 731 | D23: 開啟智慧溫控功能 | E23: =IF(電機廠報告與驗收規範!N84="",0,1) -> 1 | F23: --
C25: Lm | D25: =電機廠報告與驗收規範!R74/(2*PI()*電機廠報告與驗收規範!R3) *1000 -> 30.906963 | E25: mH
C26: L1 | D26: =電機廠報告與驗收規範!R72/(2*PI()*電機廠報告與驗收規範!R3) *1000 -> 1.0525859 | E26: mH
C27: L2 | D27: =電機廠報告與驗收規範!R73/(2*PI()*電機廠報告與驗收規範!R3) *1000 -> 1.0525859 | E27: mH
C28: R1 | D28: =電機廠報告與驗收規範!R70 -> 0.135 | E28: ohm
C29: R2 | D29: =電機廠報告與驗收規範!R71 -> 0.1693 | E29: ohm

Sheet 馬達特性曲線
A3: 特性曲線圖，須調整部分 : 1. 座標軸選項 → 水平(值)軸 →範圍 : a. 最小值 : 0 。 b. 最大值 : 電機最高轉速 。 c. 單位 (主要) : 4-6格 (電機最高轉速/n=4-6，n為正整數)。 2. 座標軸選項 → 垂直(值)軸 →範圍 : a. 最小值 : 0 。 b. 最大值 : 最大值 > 過載特性曲線中的最大扭矩、最大功率。 c. 單位 (主要) : 4-6格 (最大值/n=4-6，n為正整數)。 3. 轉折點 : a. 請以虛線下拉至橫軸與最靠近橫軸的縱軸格線之間。（如下圖範例） b. 若不只一個轉折點請複製虛線、文字方塊"請填轉折點轉速"。 4. TNCurve、PNCurve : a. 請將 定扭力數值Nm、定功率數值kW 配置於定扭力區、定功率區(水平線)的上方。 b. 若版面空間不夠，則建議修改縱軸Scale的格數/配置於水平線的下方。 5. TNCurve、PNCurve: a. "S1-Cont."： 配置於工作區涵蓋範圍中。 若版面空間不夠，則使用箭頭指向工作區涵蓋範圍。 b. "工作制+單位&(0), (M), (S)"：(S2、S3/S6) 使用箭頭指向工作區涵蓋範圍。 c. "S2-Nmin"，其中N為正整數。 "S3/S6 N%"，其中N=60%、40%、25%、15%。 d. 驅動器選型-級數-工作制--對應關係（如下圖範例）。 S1-Cont. 大一級：S2-30min (0, M)→(大二級所需驅動器可應用在大一級的過載狀況) 大二級：S3/S6 15% (M) 6. 曲線請自行更改對應數列，使得轉折點不為平滑曲線。 7. 建議於解析度1920*1080之顯示器開啟檔案以防止圖面跑版。
C4: TN curve | K4: PN curve
C26: Ex. | K26: Ex.
C38: 此欄位自動計算請勿修改
C39: S1 100%負載連續使用測試 | D39: 電機轉速(RPM) (作圖) | F39: 量測轉矩(Nm) | H39: 設定轉矩(Nm) (作圖) | J39: 量測輸出功率(kW) | L39: 設定轉矩換算功率(kW)(作圖)
D40: 0 | F40: =電機廠報告與驗收規範!N3 -> 70 | H40: =電機廠報告與驗收規範!N3 -> 70 | J40: 0 | L40: 0
D41: =電機廠報告與驗收規範!$K33 -> 750 | F41: =電機廠報告與驗收規範!P33 -> 70.14 | H41: =電機廠報告與驗收規範!M33 -> 70 | J41: =電機廠報告與驗收規範!$X33 -> 5.5 | L41: =ROUND(2*PI()*D41*H41/60/1000,2) -> 5.5
D42: =電機廠報告與驗收規範!$K34 -> 1500 | F42: =電機廠報告與驗收規範!P34 -> 69.36 | H42: =電機廠報告與驗收規範!M34 -> 70 | J42: =電機廠報告與驗收規範!$X34 -> 10.91 | L42: =ROUND(2*PI()*D42*H42/60/1000,2) -> 11
D43: =IF(電機廠報告與驗收規範!$K35>電機廠報告與驗收規範!$H$5,電機廠報告與驗收規範!$H$5,電機廠報告與驗收規範!$K35) -> 2250 | F43: =IF(電機廠報告與驗收規範!$K35>電機廠報告與驗收規範!$H$5,電機廠報告與驗收規範!$P$41,電機廠報告與驗收規範!$P35) -> 0 | H43: =IF(電機廠報告與驗收規範!$K35>電機廠報告與驗收規範!$H$5,電機廠報告與驗收規範!$M$41,電機廠報告與驗收規範!$M35) -> 46.666667 | J43: =IF(電機廠報告與驗收規範!$K35>電機廠報告與驗收規範!$H$5,電機廠報告與驗收規範!$X$41,電機廠報告與驗收規範!$X35) -> 0 | L43: =ROUND(2*PI()*D43*H43/60/1000,2) -> 11
D44: =IF(電機廠報告與驗收規範!$K36>電機廠報告與驗收規範!$H$5,電機廠報告與驗收規範!$H$5,電機廠報告與驗收規範!$K36) -> 3000 | F44: =IF(電機廠報告與驗收規範!$K36>電機廠報告與驗收規範!$H$5,電機廠報告與驗收規範!$P$41,電機廠報告與驗收規範!$P36) -> 0 | H44: =IF(電機廠報告與驗收規範!$K36>電機廠報告與驗收規範!$H$5,電機廠報告與驗收規範!$M$41,電機廠報告與驗收規範!$M36) -> 35 | J44: =IF(電機廠報告與驗收規範!$K36>電機廠報告與驗收規範!$H$5,電機廠報告與驗收規範!$X$41,電機廠報告與驗收規範!$X36) -> 0 | L44: =ROUND(2*PI()*D44*H44/60/1000,2) -> 11
D45: =IF(電機廠報告與驗收規範!$K37>電機廠報告與驗收規範!$H$5,電機廠報告與驗收規範!$H$5,電機廠報告與驗收規範!$K37) -> 3750 | F45: =IF(電機廠報告與驗收規範!$K37>電機廠報告與驗收規範!$H$5,電機廠報告與驗收規範!$P$41,電機廠報告與驗收規範!$P37) -> 0 | H45: =IF(電機廠報告與驗收規範!$K37>電機廠報告與驗收規範!$H$5,電機廠報告與驗收規範!$M$41,電機廠報告與驗收規範!$M37) -> 28 | J45: =IF(電機廠報告與驗收規範!$K37>電機廠報告與驗收規範!$H$5,電機廠報告與驗收規範!$X$41,電機廠報告與驗收規範!$X37) -> 0 | L45: =ROUND(2*PI()*D45*H45/60/1000,2) -> 11
D46: =IF(電機廠報告與驗收規範!$K38>電機廠報告與驗收規範!$H$5,電機廠報告與驗收規範!$H$5,電機廠報告與驗收規範!$K38) -> 4500 | F46: =IF(電機廠報告與驗收規範!$K38>電機廠報告與驗收規範!$H$5,電機廠報告與驗收規範!$P$41,電機廠報告與驗收規範!$P38) -> 0 | H46: =IF(電機廠報告與驗收規範!$K38>電機廠報告與驗收規範!$H$5,電機廠報告與驗收規範!$M$41,電機廠報告與驗收規範!$M38) -> 23.333333 | J46: =IF(電機廠報告與驗收規範!$K38>電機廠報告與驗收規範!$H$5,電機廠報告與驗收規範!$X$41,電機廠報告與驗收規範!$X38) -> 0 | L46: =ROUND(2*PI()*D46*H46/60/1000,2) -> 11
D47: =IF(電機廠報告與驗收規範!$K39>電機廠報告與驗收規範!$H$5,電機廠報告與驗收規範!$H$5,電機廠報告與驗收規範!$K39) -> 5250 | F47: =IF(電機廠報告與驗收規範!$K39>電機廠報告與驗收規範!$H$5,電機廠報告與驗收規範!$P$41,電機廠報告與驗收規範!$P39) -> 0 | H47: =IF(電機廠報告與驗收規範!$K39>電機廠報告與驗收規範!$H$5,電機廠報告與驗收規範!$M$41,電機廠報告與驗收規範!$M39) -> 20 | J47: =IF(電機廠報告與驗收規範!$K39>電機廠報告與驗收規範!$H$5,電機廠報告與驗收規範!$X$41,電機廠報告與驗收規範!$X39) -> 0 | L47: =ROUND(2*PI()*D47*H47/60/1000,2) -> 11
D48: =IF(電機廠報告與驗收規範!$K40>電機廠報告與驗收規範!$H$5,電機廠報告與驗收規範!$H$5,電機廠報告與驗收規範!$K40) -> 6000 | F48: =IF(電機廠報告與驗收規範!$K40>電機廠報告與驗收規範!$H$5,電機廠報告與驗收規範!$P$41,電機廠報告與驗收規範!$P40) -> 0 | H48: =IF(電機廠報告與驗收規範!$K40>電機廠報告與驗收規範!$H$5,電機廠報告與驗收規範!$M$41,電機廠報告與驗收規範!$M40) -> 17.5 | J48: =IF(電機廠報告與驗收規範!$K40>電機廠報告與驗收規範!$H$5,電機廠報告與驗收規範!$X$41,電機廠報告與驗收規範!$X40) -> 0 | L48: =ROUND(2*PI()*D48*H48/60/1000,2) -> 11
D49: =IF(電機廠報告與驗收規範!$K41>電機廠報告與驗收規範!$H$5,電機廠報告與驗收規範!$H$5,電機廠報告與驗收規範!$K41) -> 8000 | F49: =IF(電機廠報告與驗收規範!$K41>電機廠報告與驗收規範!$H$5,電機廠報告與驗收規範!$P$41,電機廠報告與驗收規範!$P41) -> 0 | H49: =IF(電機廠報告與驗收規範!$K41>電機廠報告與驗收規範!$H$5,電機廠報告與驗收規範!$M$41,電機廠報告與驗收規範!$M41) -> 13.125 | J49: =IF(電機廠報告與驗收規範!$K41>電機廠報告與驗收規範!$H$5,電機廠報告與驗收規範!$X$41,電機廠報告與驗收規範!$X41) -> 0 | L49: =ROUND(2*PI()*D49*H49/60/1000,2) -> 11
C50: S2 短時間使用150%負載測試 [ S2 N min. ] | D50: 電機轉速(RPM) (作圖) | F50: 量測轉矩(Nm) | H50: 設定轉矩(Nm) (作圖) | J50: 量測輸出功率(kW) | L50: 設定轉矩換算功率(kW)(作圖)
D51: 0 | F51: =電機廠報告與驗收規範!N3*電機廠報告與驗收規範!L44 -> 105 | H51: =電機廠報告與驗收規範!N3*電機廠報告與驗收規範!L44 -> 105 | J51: 0 | L51: 0
D52: =電機廠報告與驗收規範!$K44 -> 750 | F52: =電機廠報告與驗收規範!P44 -> 105.3 | H52: =電機廠報告與驗收規範!M44 -> 105 | J52: =電機廠報告與驗收規範!$X44 -> 8.27 | L52: =ROUND(2*PI()*D52*H52/60/1000,2) -> 8.25
D53: =電機廠報告與驗收規範!$K45 -> 1500 | F53: =電機廠報告與驗收規範!P45 -> 105.9 | H53: =電機廠報告與驗收規範!M45 -> 105 | J53: =電機廠報告與驗收規範!$X45 -> 16.4 | L53: =ROUND(2*PI()*D53*H53/60/1000,2) -> 16.49
D54: =IF(電機廠報告與驗收規範!$K46>電機廠報告與驗收規範!$H$5,電機廠報告與驗收規範!$H$5,電機廠報告與驗收規範!$K46) -> 2250 | F54: =IF(電機廠報告與驗收規範!$K46>電機廠報告與驗收規範!$H$5,電機廠報告與驗收規範!$P$52,電機廠報告與驗收規範!$P46) -> 0 | H54: =IF(電機廠報告與驗收規範!$K46>電機廠報告與驗收規範!$H$5,電機廠報告與驗收規範!$M$52,電機廠報告與驗收規範!$M46) -> 70 | J54: =IF(電機廠報告與驗收規範!$K46>電機廠報告與驗收規範!$H$5,電機廠報告與驗收規範!$X$52,電機廠報告與驗收規範!$X46) -> 0 | L54: =ROUND(2*PI()*D54*H54/60/1000,2) -> 16.49
D55: =IF(電機廠報告與驗收規範!$K47>電機廠報告與驗收規範!$H$5,電機廠報告與驗收規範!$H$5,電機廠報告與驗收規範!$K47) -> 3000 | F55: =IF(電機廠報告與驗收規範!$K47>電機廠報告與驗收規範!$H$5,電機廠報告與驗收規範!$P$52,電機廠報告與驗收規範!$P47) -> 0 | H55: =IF(電機廠報告與驗收規範!$K47>電機廠報告與驗收規範!$H$5,電機廠報告與驗收規範!$M$52,電機廠報告與驗收規範!$M47) -> 52.5 | J55: =IF(電機廠報告與驗收規範!$K47>電機廠報告與驗收規範!$H$5,電機廠報告與驗收規範!$X$52,電機廠報告與驗收規範!$X47) -> 0 | L55: =ROUND(2*PI()*D55*H55/60/1000,2) -> 16.49
D56: =IF(電機廠報告與驗收規範!$K48>電機廠報告與驗收規範!$H$5,電機廠報告與驗收規範!$H$5,電機廠報告與驗收規範!$K48) -> 3750 | F56: =IF(電機廠報告與驗收規範!$K48>電機廠報告與驗收規範!$H$5,電機廠報告與驗收規範!$P$52,電機廠報告與驗收規範!$P48) -> 0 | H56: =IF(電機廠報告與驗收規範!$K48>電機廠報告與驗收規範!$H$5,電機廠報告與驗收規範!$M$52,電機廠報告與驗收規範!$M48) -> 42 | J56: =IF(電機廠報告與驗收規範!$K48>電機廠報告與驗收規範!$H$5,電機廠報告與驗收規範!$X$52,電機廠報告與驗收規範!$X48) -> 0 | L56: =ROUND(2*PI()*D56*H56/60/1000,2) -> 16.49
D57: =IF(電機廠報告與驗收規範!$K49>電機廠報告與驗收規範!$H$5,電機廠報告與驗收規範!$H$5,電機廠報告與驗收規範!$K49) -> 4500 | F57: =IF(電機廠報告與驗收規範!$K49>電機廠報告與驗收規範!$H$5,電機廠報告與驗收規範!$P$52,電機廠報告與驗收規範!$P49) -> 0 | H57: =IF(電機廠報告與驗收規範!$K49>電機廠報告與驗收規範!$H$5,電機廠報告與驗收規範!$M$52,電機廠報告與驗收規範!$M49) -> 35 | J57: =IF(電機廠報告與驗收規範!$K49>電機廠報告與驗收規範!$H$5,電機廠報告與驗收規範!$X$52,電機廠報告與驗收規範!$X49) -> 0 | L57: =ROUND(2*PI()*D57*H57/60/1000,2) -> 16.49
D58: =IF(電機廠報告與驗收規範!$K50>電機廠報告與驗收規範!$H$5,電機廠報告與驗收規範!$H$5,電機廠報告與驗收規範!$K50) -> 5250 | F58: =IF(電機廠報告與驗收規範!$K50>電機廠報告與驗收規範!$H$5,電機廠報告與驗收規範!$P$52,電機廠報告與驗收規範!$P50) -> 0 | H58: =IF(電機廠報告與驗收規範!$K50>電機廠報告與驗收規範!$H$5,電機廠報告與驗收規範!$M$52,電機廠報告與驗收規範!$M50) -> 30 | J58: =IF(電機廠報告與驗收規範!$K50>電機廠報告與驗收規範!$H$5,電機廠報告與驗收規範!$X$52,電機廠報告與驗收規範!$X50) -> 0 | L58: =ROUND(2*PI()*D58*H58/60/1000,2) -> 16.49
D59: =IF(電機廠報告與驗收規範!$K51>電機廠報告與驗收規範!$H$5,電機廠報告與驗收規範!$H$5,電機廠報告與驗收規範!$K51) -> 6000 | F59: =IF(電機廠報告與驗收規範!$K51>電機廠報告與驗收規範!$H$5,電機廠報告與驗收規範!$P$52,電機廠報告與驗收規範!$P51) -> 0 | H59: =IF(電機廠報告與驗收規範!$K51>電機廠報告與驗收規範!$H$5,電機廠報告與驗收規範!$M$52,電機廠報告與驗收規範!$M51) -> 26.25 | J59: =IF(電機廠報告與驗收規範!$K51>電機廠報告與驗收規範!$H$5,電機廠報告與驗收規範!$X$52,電機廠報告與驗收規範!$X51) -> 0 | L59: =ROUND(2*PI()*D59*H59/60/1000,2) -> 16.49
D60: =IF(電機廠報告與驗收規範!$K52>電機廠報告與驗收規範!$H$5,電機廠報告與驗收規範!$H$5,電機廠報告與驗收規範!$K52) -> 8000 | F60: =IF(電機廠報告與驗收規範!$K52>電機廠報告與驗收規範!$H$5,電機廠報告與驗收規範!$P$52,電機廠報告與驗收規範!$P52) -> 0 | H60: =IF(電機廠報告與驗收規範!$K52>電機廠報告與驗收規範!$H$5,電機廠報告與驗收規範!$M$52,電機廠報告與驗收規範!$M52) -> 19.6875 | J60: =IF(電機廠報告與驗收規範!$K52>電機廠報告與驗收規範!$H$5,電機廠報告與驗收規範!$X$52,電機廠報告與驗收規範!$X52) -> 0 | L60: =ROUND(2*PI()*D60*H60/60/1000,2) -> 16.49
C61: S3 / S6 反覆使用測試 [ S3 / S6 10% 10min. ] | D61: 電機轉速(RPM) (作圖) | F61: 量測轉矩(Nm) | H61: 設定轉矩(Nm) (作圖) | J61: 量測輸出功率(kW) | L61: 設定轉矩換算功率(kW)(作圖)
D62: 0 | F62: =MAX(電機廠報告與驗收規範!N56,電機廠報告與驗收規範!N57,電機廠報告與驗收規範!N58) -> 140 | H62: =MAX(電機廠報告與驗收規範!N56,電機廠報告與驗收規範!N57,電機廠報告與驗收規範!N58) -> 140 | J62: 0 | L62: 0
D63: =IF(電機廠報告與驗收規範!$N58=電機廠報告與驗收規範!$J$5,電機廠報告與驗收規範!$L58,IF(AND(電機廠報告與驗收規範!$N57>電機廠報告與驗收規範!$N58,電機廠報告與驗收規範!$N57=電機廠報告與驗收規範!$J$5),電機廠報告與驗收規範!$L57,電機廠報告與驗收規範!$L56)) -> 1500 | F63: =IF(電機廠報告與驗收規範!$N58=電機廠報告與驗收規範!$J$5,電機廠報告與驗收規範!$Q58,IF(AND(電機廠報告與驗收規範!$N57>電機廠報告與驗收規範!$N58,電機廠報告與驗收規範!$N57=電機廠報告與驗收規範!$J$5),電機廠報告與驗收規範!$Q57,電機廠報告與驗收規範!$Q56)) -> 140.65 | H63: =IF(電機廠報告與驗收規範!$N58=電機廠報告與驗收規範!$J$5,電機廠報告與驗收規範!$N58,IF(AND(電機廠報告與驗收規範!$N57>電機廠報告與驗收規範!$N58,電機廠報告與驗收規範!$N57=電機廠報告與驗收規範!$J$5),電機廠報告與驗收規範!$N57,電機廠報告與驗收規範!$N56)) -> 140 | J63: =IF(電機廠報告與驗收規範!$N58=電機廠報告與驗收規範!$J$5,電機廠報告與驗收規範!$U58,IF(AND(電機廠報告與驗收規範!$N57>電機廠報告與驗收規範!$N58,電機廠報告與驗收規範!$N57=電機廠報告與驗收規範!$J$5),電機廠報告與驗收規範!$U57,電機廠報告與驗收規範!$U56)) -> 21.9 | L63: =ROUND(2*PI()*D63*H63/60/1000,2) -> 21.99
D64: =IF(電機廠報告與驗收規範!$N59=電機廠報告與驗收規範!$J$5,電機廠報告與驗收規範!$L59,IF(AND(電機廠報告與驗收規範!$N58>電機廠報告與驗收規範!$N59,電機廠報告與驗收規範!$N58=電機廠報告與驗收規範!$J$5),電機廠報告與驗收規範!$L58,電機廠報告與驗收規範!$L57)) -> 1500 | F64: =IF(電機廠報告與驗收規範!$N59=電機廠報告與驗收規範!$J$5,電機廠報告與驗收規範!$Q59,IF(AND(電機廠報告與驗收規範!$N58>電機廠報告與驗收規範!$N59,電機廠報告與驗收規範!$N58=電機廠報告與驗收規範!$J$5),電機廠報告與驗收規範!$Q58,電機廠報告與驗收規範!$Q57)) -> 140.65 | H64: =IF(電機廠報告與驗收規範!$N59=電機廠報告與驗收規範!$J$5,電機廠報告與驗收規範!$N59,IF(AND(電機廠報告與驗收規範!$N58>電機廠報告與驗收規範!$N59,電機廠報告與驗收規範!$N58=電機廠報告與驗收規範!$J$5),電機廠報告與驗收規範!$N58,電機廠報告與驗收規範!$N57)) -> 140 | J64: =IF(電機廠報告與驗收規範!$N59=電機廠報告與驗收規範!$J$5,電機廠報告與驗收規範!$U59,IF(AND(電機廠報告與驗收規範!$N58>電機廠報告與驗收規範!$N59,電機廠報告與驗收規範!$N58=電機廠報告與驗收規範!$J$5),電機廠報告與驗收規範!$U58,電機廠報告與驗收規範!$U57)) -> 21.9 | L64: =ROUND(2*PI()*D64*H64/60/1000,2) -> 21.99
D65: =IF(電機廠報告與驗收規範!$N60=電機廠報告與驗收規範!$J$5,電機廠報告與驗收規範!$L60,IF(AND(電機廠報告與驗收規範!$N59>電機廠報告與驗收規範!$N60,電機廠報告與驗收規範!$N59=電機廠報告與驗收規範!$J$5),電機廠報告與驗收規範!$L59,電機廠報告與驗收規範!$L58)) -> 1500 | F65: =IF(電機廠報告與驗收規範!$N60=電機廠報告與驗收規範!$J$5,電機廠報告與驗收規範!$Q60,IF(AND(電機廠報告與驗收規範!$N59>電機廠報告與驗收規範!$N60,電機廠報告與驗收規範!$N59=電機廠報告與驗收規範!$J$5),電機廠報告與驗收規範!$Q59,電機廠報告與驗收規範!$Q58)) -> 140.65 | H65: =IF(電機廠報告與驗收規範!$N60=電機廠報告與驗收規範!$J$5,電機廠報告與驗收規範!$N60,IF(AND(電機廠報告與驗收規範!$N59>電機廠報告與驗收規範!$N60,電機廠報告與驗收規範!$N59=電機廠報告與驗收規範!$J$5),電機廠報告與驗收規範!$N59,電機廠報告與驗收規範!$N58)) -> 140 | J65: =IF(電機廠報告與驗收規範!$N60=電機廠報告與驗收規範!$J$5,電機廠報告與驗收規範!$U60,IF(AND(電機廠報告與驗收規範!$N59>電機廠報告與驗收規範!$N60,電機廠報告與驗收規範!$N59=電機廠報告與驗收規範!$J$5),電機廠報告與驗收規範!$U59,電機廠報告與驗收規範!$U58)) -> 21.9 | L65: =ROUND(2*PI()*D65*H65/60/1000,2) -> 21.99
D66: =IF(IF(電機廠報告與驗收規範!$N61=電機廠報告與驗收規範!$J$5,電機廠報告與驗收規範!$L61,IF(AND(電機廠報告與驗收規範!$N60>電機廠報告與驗收規範!$N61,電機廠報告與驗收規範!$N60=電機廠報告與驗收規範!$J$5),電機廠報告與驗收規範!$L60,電機廠報告與驗收規範!$L59))>電機廠報告與驗收規範!$H$5,電機廠報告與驗收規範!$H$5,IF(電機廠報告與驗收規範!$N61=電機廠報告與驗收規範!$J$5,電機廠報告與驗收規範!$L61,IF(AND(電機廠報告與驗收規範!$N60>電機廠報告與驗收規範!$N61,電機廠報告與驗收規範!$N60=電機廠報告與驗收規範!$J$5),電機廠報告與驗收規範!$L60,電機廠報告與驗收規範!$L59))) -> 2250 | F66: =IF(IF(電機廠報告與驗收規範!$N61=電機廠報告與驗收規範!$J$5,電機廠報告與驗收規範!$L61,IF(AND(電機廠報告與驗收規範!$N60>電機廠報告與驗收規範!$N61,電機廠報告與驗收規範!$N60=電機廠報告與驗收規範!$J$5),電機廠報告與驗收規範!$L60,電機廠報告與驗收規範!$L59))>電機廠報告與驗收規範!$H$5,電機廠報告與驗收規範!$Q$65,IF(IF(電機廠報告與驗收規範!$N60=電機廠報告與驗收規範!$J$5,電機廠報告與驗收規範!$L60,IF(AND(電機廠報告與驗收規範!$N59>電機廠報告與驗收規範!$N60,電機廠報告與驗收規範!$N59=電機廠報告與驗收規範!$J$5),電機廠報告與驗收規範!$L59,電機廠報告與驗收規範!$L58))=電機廠報告與驗收規範!$L58,電機廠報告與驗收規範!$Q59,IF(IF(電機廠報告與驗收規範!$N60=電機廠報告與驗收規範!$J$5,電機廠報告與驗收規範!$L60,IF(AND(電機廠報告與驗收規範!$N59>電機廠報告與驗收規範!$N60,電機廠報告與驗收規範!$N59=電機廠報告與驗收規範!$J$5),電機廠報告與驗收規範!$L59,電機廠報告與驗收規範!$L58))=電機廠報告與驗收規範!$L57,電機廠報告與驗收規範!$Q58,電機廠報告與驗收規範!$Q57))) -> 0 | H66: =IF(IF(電機廠報告與驗收規範!$N61=電機廠報告與驗收規範!$J$5,電機廠報告與驗收規範!$L61,IF(AND(電機廠報告與驗收規範!$N60>電機廠報告與驗收規範!$N61,電機廠報告與驗收規範!$N60=電機廠報告與驗收規範!$J$5),電機廠報告與驗收規範!$L60,電機廠報告與驗收規範!$L59))>電機廠報告與驗收規範!$H$5,電機廠報告與驗收規範!$N$65,IF(IF(電機廠報告與驗收規範!$N60=電機廠報告與驗收規範!$J$5,電機廠報告與驗收規範!$L60,IF(AND(電機廠報告與驗收規範!$N59>電機廠報告與驗收規範!$N60,電機廠報告與驗收規範!$N59=電機廠報告與驗收規範!$J$5),電機廠報告與驗收規範!$L59,電機廠報告與驗收規範!$L58))=電機廠報告與驗收規範!$L58,電機廠報告與驗收規範!$N59,IF(IF(電機廠報告與驗收規範!$N60=電機廠報告與驗收規範!$J$5,電機廠報告與驗收規範!$L60,IF(AND(電機廠報告與驗收規範!$N59>電機廠報告與驗收規範!$N60,電機廠報告與驗收規範!$N59=電機廠報告與驗收規範!$J$5),電機廠報告與驗收規範!$L59,電機廠報告與驗收規範!$L58))=電機廠報告與驗收規範!$L57,電機廠報告與驗收規範!$N58,電機廠報告與驗收規範!$N57))) -> 93.333333 | J66: =IF(IF(電機廠報告與驗收規範!$N61=電機廠報告與驗收規範!$J$5,電機廠報告與驗收規範!$L61,IF(AND(電機廠報告與驗收規範!$N60>電機廠報告與驗收規範!$N61,電機廠報告與驗收規範!$N60=電機廠報告與驗收規範!$J$5),電機廠報告與驗收規範!$L60,電機廠報告與驗收規範!$L59))>電機廠報告與驗收規範!$H$5,電機廠報告與驗收規範!$U$65,IF(IF(電機廠報告與驗收規範!$N60=電機廠報告與驗收規範!$J$5,電機廠報告與驗收規範!$L60,IF(AND(電機廠報告與驗收規範!$N59>電機廠報告與驗收規範!$N60,電機廠報告與驗收規範!$N59=電機廠報告與驗收規範!$J$5),電機廠報告與驗收規範!$L59,電機廠報告與驗收規範!$L58))=電機廠報告與驗收規範!$L58,電機廠報告與驗收規範!$U59,IF(IF(電機廠報告與驗收規範!$N60=電機廠報告與驗收規範!$J$5,電機廠報告與驗收規範!$L60,IF(AND(電機廠報告與驗收規範!$N59>電機廠報告與驗收規範!$N60,電機廠報告與驗收規範!$N59=電機廠報告與驗收規範!$J$5),電機廠報告與驗收規範!$L59,電機廠報告與驗收規範!$L58))=電機廠報告與驗收規範!$L57,電機廠報告與驗收規範!$U58,電機廠報告與驗收規範!$U57))) -> 0 | L66: =ROUND(2*PI()*D66*H66/60/1000,2) -> 21.99
D67: =IF(IF(電機廠報告與驗收規範!$N62=電機廠報告與驗收規範!$J$5,電機廠報告與驗收規範!$L62,IF(AND(電機廠報告與驗收規範!$N61>電機廠報告與驗收規範!$N62,電機廠報告與驗收規範!$N61=電機廠報告與驗收規範!$J$5),電機廠報告與驗收規範!$L61,電機廠報告與驗收規範!$L60))>電機廠報告與驗收規範!$H$5,電機廠報告與驗收規範!$H$5,IF(電機廠報告與驗收規範!$N62=電機廠報告與驗收規範!$J$5,電機廠報告與驗收規範!$L62,IF(AND(電機廠報告與驗收規範!$N61>電機廠報告與驗收規範!$N62,電機廠報告與驗收規範!$N61=電機廠報告與驗收規範!$J$5),電機廠報告與驗收規範!$L61,電機廠報告與驗收規範!$L60))) -> 3000 | F67: =IF(IF(電機廠報告與驗收規範!$N62=電機廠報告與驗收規範!$J$5,電機廠報告與驗收規範!$L62,IF(AND(電機廠報告與驗收規範!$N61>電機廠報告與驗收規範!$N62,電機廠報告與驗收規範!$N61=電機廠報告與驗收規範!$J$5),電機廠報告與驗收規範!$L61,電機廠報告與驗收規範!$L60))>電機廠報告與驗收規範!$H$5,電機廠報告與驗收規範!$Q$65,IF(IF(電機廠報告與驗收規範!$N61=電機廠報告與驗收規範!$J$5,電機廠報告與驗收規範!$L61,IF(AND(電機廠報告與驗收規範!$N60>電機廠報告與驗收規範!$N61,電機廠報告與驗收規範!$N60=電機廠報告與驗收規範!$J$5),電機廠報告與驗收規範!$L60,電機廠報告與驗收規範!$L59))=電機廠報告與驗收規範!$L59,電機廠報告與驗收規範!$Q60,IF(IF(電機廠報告與驗收規範!$N61=電機廠報告與驗收規範!$J$5,電機廠報告與驗收規範!$L61,IF(AND(電機廠報告與驗收規範!$N60>電機廠報告與驗收規範!$N61,電機廠報告與驗收規範!$N60=電機廠報告與驗收規範!$J$5),電機廠報告與驗收規範!$L60,電機廠報告與驗收規範!$L59))=電機廠報告與驗收規範!$L58,電機廠報告與驗收規範!$Q59,電機廠報告與驗收規範!$Q58))) -> 0 | H67: =IF(IF(電機廠報告與驗收規範!$N62=電機廠報告與驗收規範!$J$5,電機廠報告與驗收規範!$L62,IF(AND(電機廠報告與驗收規範!$N61>電機廠報告與驗收規範!$N62,電機廠報告與驗收規範!$N61=電機廠報告與驗收規範!$J$5),電機廠報告與驗收規範!$L61,電機廠報告與驗收規範!$L60))>電機廠報告與驗收規範!$H$5,電機廠報告與驗收規範!$N$65,IF(IF(電機廠報告與驗收規範!$N61=電機廠報告與驗收規範!$J$5,電機廠報告與驗收規範!$L61,IF(AND(電機廠報告與驗收規範!$N60>電機廠報告與驗收規範!$N61,電機廠報告與驗收規範!$N60=電機廠報告與驗收規範!$J$5),電機廠報告與驗收規範!$L60,電機廠報告與驗收規範!$L59))=電機廠報告與驗收規範!$L59,電機廠報告與驗收規範!$N60,IF(IF(電機廠報告與驗收規範!$N61=電機廠報告與驗收規範!$J$5,電機廠報告與驗收規範!$L61,IF(AND(電機廠報告與驗收規範!$N60>電機廠報告與驗收規範!$N61,電機廠報告與驗收規範!$N60=電機廠報告與驗收規範!$J$5),電機廠報告與驗收規範!$L60,電機廠報告與驗收規範!$L59))=電機廠報告與驗收規範!$L58,電機廠報告與驗收規範!$N59,電機廠報告與驗收規範!$N58))) -> 70 | J67: =IF(IF(電機廠報告與驗收規範!$N62=電機廠報告與驗收規範!$J$5,電機廠報告與驗收規範!$L62,IF(AND(電機廠報告與驗收規範!$N61>電機廠報告與驗收規範!$N62,電機廠報告與驗收規範!$N61=電機廠報告與驗收規範!$J$5),電機廠報告與驗收規範!$L61,電機廠報告與驗收規範!$L60))>電機廠報告與驗收規範!$H$5,電機廠報告與驗收規範!$U$65,IF(IF(電機廠報告與驗收規範!$N61=電機廠報告與驗收規範!$J$5,電機廠報告與驗收規範!$L61,IF(AND(電機廠報告與驗收規範!$N60>電機廠報告與驗收規範!$N61,電機廠報告與驗收規範!$N60=電機廠報告與驗收規範!$J$5),電機廠報告與驗收規範!$L60,電機廠報告與驗收規範!$L59))=電機廠報告與驗收規範!$L59,電機廠報告與驗收規範!$U60,IF(IF(電機廠報告與驗收規範!$N61=電機廠報告與驗收規範!$J$5,電機廠報告與驗收規範!$L61,IF(AND(電機廠報告與驗收規範!$N60>電機廠報告與驗收規範!$N61,電機廠報告與驗收規範!$N60=電機廠報告與驗收規範!$J$5),電機廠報告與驗收規範!$L60,電機廠報告與驗收規範!$L59))=電機廠報告與驗收規範!$L58,電機廠報告與驗收規範!$U59,電機廠報告與驗收規範!$U58))) -> 0 | L67: =ROUND(2*PI()*D67*H67/60/1000,2) -> 21.99
D68: =IF(IF(電機廠報告與驗收規範!$N63=電機廠報告與驗收規範!$J$5,電機廠報告與驗收規範!$L63,IF(AND(電機廠報告與驗收規範!$N62>電機廠報告與驗收規範!$N63,電機廠報告與驗收規範!$N62=電機廠報告與驗收規範!$J$5),電機廠報告與驗收規範!$L62,電機廠報告與驗收規範!$L61))>電機廠報告與驗收規範!$H$5,電機廠報告與驗收規範!$H$5,IF(電機廠報告與驗收規範!$N63=電機廠報告與驗收規範!$J$5,電機廠報告與驗收規範!$L63,IF(AND(電機廠報告與驗收規範!$N62>電機廠報告與驗收規範!$N63,電機廠報告與驗收規範!$N62=電機廠報告與驗收規範!$J$5),電機廠報告與驗收規範!$L62,電機廠報告與驗收規範!$L61))) -> 3750 | F68: =IF(IF(電機廠報告與驗收規範!$N63=電機廠報告與驗收規範!$J$5,電機廠報告與驗收規範!$L63,IF(AND(電機廠報告與驗收規範!$N62>電機廠報告與驗收規範!$N63,電機廠報告與驗收規範!$N62=電機廠報告與驗收規範!$J$5),電機廠報告與驗收規範!$L62,電機廠報告與驗收規範!$L61))>電機廠報告與驗收規範!$H$5,電機廠報告與驗收規範!$Q$65,IF(IF(電機廠報告與驗收規範!$N62=電機廠報告與驗收規範!$J$5,電機廠報告與驗收規範!$L62,IF(AND(電機廠報告與驗收規範!$N61>電機廠報告與驗收規範!$N62,電機廠報告與驗收規範!$N61=電機廠報告與驗收規範!$J$5),電機廠報告與驗收規範!$L61,電機廠報告與驗收規範!$L60))=電機廠報告與驗收規範!$L60,電機廠報告與驗收規範!$Q61,IF(IF(電機廠報告與驗收規範!$N62=電機廠報告與驗收規範!$J$5,電機廠報告與驗收規範!$L62,IF(AND(電機廠報告與驗收規範!$N61>電機廠報告與驗收規範!$N62,電機廠報告與驗收規範!$N61=電機廠報告與驗收規範!$J$5),電機廠報告與驗收規範!$L61,電機廠報告與驗收規範!$L60))=電機廠報告與驗收規範!$L59,電機廠報告與驗收規範!$Q60,電機廠報告與驗收規範!$Q59))) -> 0 | H68: =IF(IF(電機廠報告與驗收規範!$N63=電機廠報告與驗收規範!$J$5,電機廠報告與驗收規範!$L63,IF(AND(電機廠報告與驗收規範!$N62>電機廠報告與驗收規範!$N63,電機廠報告與驗收規範!$N62=電機廠報告與驗收規範!$J$5),電機廠報告與驗收規範!$L62,電機廠報告與驗收規範!$L61))>電機廠報告與驗收規範!$H$5,電機廠報告與驗收規範!$N$65,IF(IF(電機廠報告與驗收規範!$N62=電機廠報告與驗收規範!$J$5,電機廠報告與驗收規範!$L62,IF(AND(電機廠報告與驗收規範!$N61>電機廠報告與驗收規範!$N62,電機廠報告與驗收規範!$N61=電機廠報告與驗收規範!$J$5),電機廠報告與驗收規範!$L61,電機廠報告與驗收規範!$L60))=電機廠報告與驗收規範!$L60,電機廠報告與驗收規範!$N61,IF(IF(電機廠報告與驗收規範!$N62=電機廠報告與驗收規範!$J$5,電機廠報告與驗收規範!$L62,IF(AND(電機廠報告與驗收規範!$N61>電機廠報告與驗收規範!$N62,電機廠報告與驗收規範!$N61=電機廠報告與驗收規範!$J$5),電機廠報告與驗收規範!$L61,電機廠報告與驗收規範!$L60))=電機廠報告與驗收規範!$L59,電機廠報告與驗收規範!$N60,電機廠報告與驗收規範!$N59))) -> 56 | J68: =IF(IF(電機廠報告與驗收規範!$N63=電機廠報告與驗收規範!$J$5,電機廠報告與驗收規範!$L63,IF(AND(電機廠報告與驗收規範!$N62>電機廠報告與驗收規範!$N63,電機廠報告與驗收規範!$N62=電機廠報告與驗收規範!$J$5),電機廠報告與驗收規範!$L62,電機廠報告與驗收規範!$L61))>電機廠報告與驗收規範!$H$5,電機廠報告與驗收規範!$U$65,IF(IF(電機廠報告與驗收規範!$N62=電機廠報告與驗收規範!$J$5,電機廠報告與驗收規範!$L62,IF(AND(電機廠報告與驗收規範!$N61>電機廠報告與驗收規範!$N62,電機廠報告與驗收規範!$N61=電機廠報告與驗收規範!$J$5),電機廠報告與驗收規範!$L61,電機廠報告與驗收規範!$L60))=電機廠報告與驗收規範!$L60,電機廠報告與驗收規範!$U61,IF(IF(電機廠報告與驗收規範!$N62=電機廠報告與驗收規範!$J$5,電機廠報告與驗收規範!$L62,IF(AND(電機廠報告與驗收規範!$N61>電機廠報告與驗收規範!$N62,電機廠報告與驗收規範!$N61=電機廠報告與驗收規範!$J$5),電機廠報告與驗收規範!$L61,電機廠報告與驗收規範!$L60))=電機廠報告與驗收規範!$L59,電機廠報告與驗收規範!$U60,電機廠報告與驗收規範!$U59))) -> 0 | L68: =ROUND(2*PI()*D68*H68/60/1000,2) -> 21.99
D69: =IF(IF(電機廠報告與驗收規範!$N64=電機廠報告與驗收規範!$J$5,電機廠報告與驗收規範!$L64,IF(AND(電機廠報告與驗收規範!$N63>電機廠報告與驗收規範!$N64,電機廠報告與驗收規範!$N63=電機廠報告與驗收規範!$J$5),電機廠報告與驗收規範!$L63,電機廠報告與驗收規範!$L62))>電機廠報告與驗收規範!$H$5,電機廠報告與驗收規範!$H$5,IF(電機廠報告與驗收規範!$N64=電機廠報告與驗收規範!$J$5,電機廠報告與驗收規範!$L64,IF(AND(電機廠報告與驗收規範!$N63>電機廠報告與驗收規範!$N64,電機廠報告與驗收規範!$N63=電機廠報告與驗收規範!$J$5),電機廠報告與驗收規範!$L63,電機廠報告與驗收規範!$L62))) -> 4500 | F69: =IF(IF(電機廠報告與驗收規範!$N64=電機廠報告與驗收規範!$J$5,電機廠報告與驗收規範!$L64,IF(AND(電機廠報告與驗收規範!$N63>電機廠報告與驗收規範!$N64,電機廠報告與驗收規範!$N63=電機廠報告與驗收規範!$J$5),電機廠報告與驗收規範!$L63,電機廠報告與驗收規範!$L62))>電機廠報告與驗收規範!$H$5,電機廠報告與驗收規範!$Q$65,IF(IF(電機廠報告與驗收規範!$N63=電機廠報告與驗收規範!$J$5,電機廠報告與驗收規範!$L63,IF(AND(電機廠報告與驗收規範!$N62>電機廠報告與驗收規範!$N63,電機廠報告與驗收規範!$N62=電機廠報告與驗收規範!$J$5),電機廠報告與驗收規範!$L62,電機廠報告與驗收規範!$L61))=電機廠報告與驗收規範!$L61,電機廠報告與驗收規範!$Q62,IF(IF(電機廠報告與驗收規範!$N63=電機廠報告與驗收規範!$J$5,電機廠報告與驗收規範!$L63,IF(AND(電機廠報告與驗收規範!$N62>電機廠報告與驗收規範!$N63,電機廠報告與驗收規範!$N62=電機廠報告與驗收規範!$J$5),電機廠報告與驗收規範!$L62,電機廠報告與驗收規範!$L61))=電機廠報告與驗收規範!$L60,電機廠報告與驗收規範!$Q61,電機廠報告與驗收規範!$Q60))) -> 0 | H69: =IF(IF(電機廠報告與驗收規範!$N64=電機廠報告與驗收規範!$J$5,電機廠報告與驗收規範!$L64,IF(AND(電機廠報告與驗收規範!$N63>電機廠報告與驗收規範!$N64,電機廠報告與驗收規範!$N63=電機廠報告與驗收規範!$J$5),電機廠報告與驗收規範!$L63,電機廠報告與驗收規範!$L62))>電機廠報告與驗收規範!$H$5,電機廠報告與驗收規範!$N$65,IF(IF(電機廠報告與驗收規範!$N63=電機廠報告與驗收規範!$J$5,電機廠報告與驗收規範!$L63,IF(AND(電機廠報告與驗收規範!$N62>電機廠報告與驗收規範!$N63,電機廠報告與驗收規範!$N62=電機廠報告與驗收規範!$J$5),電機廠報告與驗收規範!$L62,電機廠報告與驗收規範!$L61))=電機廠報告與驗收規範!$L61,電機廠報告與驗收規範!$N62,IF(IF(電機廠報告與驗收規範!$N63=電機廠報告與驗收規範!$J$5,電機廠報告與驗收規範!$L63,IF(AND(電機廠報告與驗收規範!$N62>電機廠報告與驗收規範!$N63,電機廠報告與驗收規範!$N62=電機廠報告與驗收規範!$J$5),電機廠報告與驗收規範!$L62,電機廠報告與驗收規範!$L61))=電機廠報告與驗收規範!$L60,電機廠報告與驗收規範!$N61,電機廠報告與驗收規範!$N60))) -> 46.666667 | J69: =IF(IF(電機廠報告與驗收規範!$N64=電機廠報告與驗收規範!$J$5,電機廠報告與驗收規範!$L64,IF(AND(電機廠報告與驗收規範!$N63>電機廠報告與驗收規範!$N64,電機廠報告與驗收規範!$N63=電機廠報告與驗收規範!$J$5),電機廠報告與驗收規範!$L63,電機廠報告與驗收規範!$L62))>電機廠報告與驗收規範!$H$5,電機廠報告與驗收規範!$U$65,IF(IF(電機廠報告與驗收規範!$N63=電機廠報告與驗收規範!$J$5,電機廠報告與驗收規範!$L63,IF(AND(電機廠報告與驗收規範!$N62>電機廠報告與驗收規範!$N63,電機廠報告與驗收規範!$N62=電機廠報告與驗收規範!$J$5),電機廠報告與驗收規範!$L62,電機廠報告與驗收規範!$L61))=電機廠報告與驗收規範!$L61,電機廠報告與驗收規範!$U62,IF(IF(電機廠報告與驗收規範!$N63=電機廠報告與驗收規範!$J$5,電機廠報告與驗收規範!$L63,IF(AND(電機廠報告與驗收規範!$N62>電機廠報告與驗收規範!$N63,電機廠報告與驗收規範!$N62=電機廠報告與驗收規範!$J$5),電機廠報告與驗收規範!$L62,電機廠報告與驗收規範!$L61))=電機廠報告與驗收規範!$L60,電機廠報告與驗收規範!$U61,電機廠報告與驗收規範!$U60))) -> 0 | L69: =ROUND(2*PI()*D69*H69/60/1000,2) -> 21.99
D70: =IF(IF(電機廠報告與驗收規範!$N65=電機廠報告與驗收規範!$J$5,電機廠報告與驗收規範!$L65,IF(AND(電機廠報告與驗收規範!$N64>電機廠報告與驗收規範!$N65,電機廠報告與驗收規範!$N64=電機廠報告與驗收規範!$J$5),電機廠報告與驗收規範!$L64,電機廠報告與驗收規範!$L63))>電機廠報告與驗收規範!$H$5,電機廠報告與驗收規範!$H$5,IF(電機廠報告與驗收規範!$N65=電機廠報告與驗收規範!$J$5,電機廠報告與驗收規範!$L65,IF(AND(電機廠報告與驗收規範!$N64>電機廠報告與驗收規範!$N65,電機廠報告與驗收規範!$N64=電機廠報告與驗收規範!$J$5),電機廠報告與驗收規範!$L64,電機廠報告與驗收規範!$L63))) -> 5250 | F70: =IF(IF(電機廠報告與驗收規範!$N65=電機廠報告與驗收規範!$J$5,電機廠報告與驗收規範!$L65,IF(AND(電機廠報告與驗收規範!$N64>電機廠報告與驗收規範!$N65,電機廠報告與驗收規範!$N64=電機廠報告與驗收規範!$J$5),電機廠報告與驗收規範!$L64,電機廠報告與驗收規範!$L63))>電機廠報告與驗收規範!$H$5,電機廠報告與驗收規範!$Q$65,IF(IF(電機廠報告與驗收規範!$N64=電機廠報告與驗收規範!$J$5,電機廠報告與驗收規範!$L64,IF(AND(電機廠報告與驗收規範!$N63>電機廠報告與驗收規範!$N64,電機廠報告與驗收規範!$N63=電機廠報告與驗收規範!$J$5),電機廠報告與驗收規範!$L63,電機廠報告與驗收規範!$L62))=電機廠報告與驗收規範!$L62,電機廠報告與驗收規範!$Q63,IF(IF(電機廠報告與驗收規範!$N64=電機廠報告與驗收規範!$J$5,電機廠報告與驗收規範!$L64,IF(AND(電機廠報告與驗收規範!$N63>電機廠報告與驗收規範!$N64,電機廠報告與驗收規範!$N63=電機廠報告與驗收規範!$J$5),電機廠報告與驗收規範!$L63,電機廠報告與驗收規範!$L62))=電機廠報告與驗收規範!$L61,電機廠報告與驗收規範!$Q62,電機廠報告與驗收規範!$Q61))) -> 0 | H70: =IF(IF(電機廠報告與驗收規範!$N65=電機廠報告與驗收規範!$J$5,電機廠報告與驗收規範!$L65,IF(AND(電機廠報告與驗收規範!$N64>電機廠報告與驗收規範!$N65,電機廠報告與驗收規範!$N64=電機廠報告與驗收規範!$J$5),電機廠報告與驗收規範!$L64,電機廠報告與驗收規範!$L63))>電機廠報告與驗收規範!$H$5,電機廠報告與驗收規範!$N$65,IF(IF(電機廠報告與驗收規範!$N64=電機廠報告與驗收規範!$J$5,電機廠報告與驗收規範!$L64,IF(AND(電機廠報告與驗收規範!$N63>電機廠報告與驗收規範!$N64,電機廠報告與驗收規範!$N63=電機廠報告與驗收規範!$J$5),電機廠報告與驗收規範!$L63,電機廠報告與驗收規範!$L62))=電機廠報告與驗收規範!$L62,電機廠報告與驗收規範!$N63,IF(IF(電機廠報告與驗收規範!$N64=電機廠報告與驗收規範!$J$5,電機廠報告與驗收規範!$L64,IF(AND(電機廠報告與驗收規範!$N63>電機廠報告與驗收規範!$N64,電機廠報告與驗收規範!$N63=電機廠報告與驗收規範!$J$5),電機廠報告與驗收規範!$L63,電機廠報告與驗收規範!$L62))=電機廠報告與驗收規範!$L61,電機廠報告與驗收規範!$N62,電機廠報告與驗收規範!$N61))) -> 40 | J70: =IF(IF(電機廠報告與驗收規範!$N65=電機廠報告與驗收規範!$J$5,電機廠報告與驗收規範!$L65,IF(AND(電機廠報告與驗收規範!$N64>電機廠報告與驗收規範!$N65,電機廠報告與驗收規範!$N64=電機廠報告與驗收規範!$J$5),電機廠報告與驗收規範!$L64,電機廠報告與驗收規範!$L63))>電機廠報告與驗收規範!$H$5,電機廠報告與驗收規範!$U$65,IF(IF(電機廠報告與驗收規範!$N64=電機廠報告與驗收規範!$J$5,電機廠報告與驗收規範!$L64,IF(AND(電機廠報告與驗收規範!$N63>電機廠報告與驗收規範!$N64,電機廠報告與驗收規範!$N63=電機廠報告與驗收規範!$J$5),電機廠報告與驗收規範!$L63,電機廠報告與驗收規範!$L62))=電機廠報告與驗收規範!$L62,電機廠報告與驗收規範!$U63,IF(IF(電機廠報告與驗收規範!$N64=電機廠報告與驗收規範!$J$5,電機廠報告與驗收規範!$L64,IF(AND(電機廠報告與驗收規範!$N63>電機廠報告與驗收規範!$N64,電機廠報告與驗收規範!$N63=電機廠報告與驗收規範!$J$5),電機廠報告與驗收規範!$L63,電機廠報告與驗收規範!$L62))=電機廠報告與驗收規範!$L61,電機廠報告與驗收規範!$U62,電機廠報告與驗收規範!$U61))) -> 0 | L70: =ROUND(2*PI()*D70*H70/60/1000,2) -> 21.99
D71: =IF(IF(電機廠報告與驗收規範!$N66=電機廠報告與驗收規範!$J$5,電機廠報告與驗收規範!$L66,IF(AND(電機廠報告與驗收規範!$N65>電機廠報告與驗收規範!$N66,電機廠報告與驗收規範!$N65=電機廠報告與驗收規範!$J$5),電機廠報告與驗收規範!$L65,電機廠報告與驗收規範!$L64))>電機廠報告與驗收規範!$H$5,電機廠報告與驗收規範!$H$5,IF(電機廠報告與驗收規範!$N66=電機廠報告與驗收規範!$J$5,電機廠報告與驗收規範!$L66,IF(AND(電機廠報告與驗收規範!$N65>電機廠報告與驗收規範!$N66,電機廠報告與驗收規範!$N65=電機廠報告與驗收規範!$J$5),電機廠報告與驗收規範!$L65,電機廠報告與驗收規範!$L64))) -> 6000 | F71: =IF(IF(電機廠報告與驗收規範!$N66=電機廠報告與驗收規範!$J$5,電機廠報告與驗收規範!$L66,IF(AND(電機廠報告與驗收規範!$N65>電機廠報告與驗收規範!$N66,電機廠報告與驗收規範!$N65=電機廠報告與驗收規範!$J$5),電機廠報告與驗收規範!$L65,電機廠報告與驗收規範!$L64))>電機廠報告與驗收規範!$H$5,電機廠報告與驗收規範!$Q$65,IF(IF(電機廠報告與驗收規範!$N65=電機廠報告與驗收規範!$J$5,電機廠報告與驗收規範!$L65,IF(AND(電機廠報告與驗收規範!$N64>電機廠報告與驗收規範!$N65,電機廠報告與驗收規範!$N64=電機廠報告與驗收規範!$J$5),電機廠報告與驗收規範!$L64,電機廠報告與驗收規範!$L63))=電機廠報告與驗收規範!$L63,電機廠報告與驗收規範!$Q64,IF(IF(電機廠報告與驗收規範!$N65=電機廠報告與驗收規範!$J$5,電機廠報告與驗收規範!$L65,IF(AND(電機廠報告與驗收規範!$N64>電機廠報告與驗收規範!$N65,電機廠報告與驗收規範!$N64=電機廠報告與驗收規範!$J$5),電機廠報告與驗收規範!$L64,電機廠報告與驗收規範!$L63))=電機廠報告與驗收規範!$L62,電機廠報告與驗收規範!$Q63,電機廠報告與驗收規範!$Q62))) -> 0 | H71: =IF(IF(電機廠報告與驗收規範!$N66=電機廠報告與驗收規範!$J$5,電機廠報告與驗收規範!$L66,IF(AND(電機廠報告與驗收規範!$N65>電機廠報告與驗收規範!$N66,電機廠報告與驗收規範!$N65=電機廠報告與驗收規範!$J$5),電機廠報告與驗收規範!$L65,電機廠報告與驗收規範!$L64))>電機廠報告與驗收規範!$H$5,電機廠報告與驗收規範!$N$65,IF(IF(電機廠報告與驗收規範!$N65=電機廠報告與驗收規範!$J$5,電機廠報告與驗收規範!$L65,IF(AND(電機廠報告與驗收規範!$N64>電機廠報告與驗收規範!$N65,電機廠報告與驗收規範!$N64=電機廠報告與驗收規範!$J$5),電機廠報告與驗收規範!$L64,電機廠報告與驗收規範!$L63))=電機廠報告與驗收規範!$L63,電機廠報告與驗收規範!$N64,IF(IF(電機廠報告與驗收規範!$N65=電機廠報告與驗收規範!$J$5,電機廠報告與驗收規範!$L65,IF(AND(電機廠報告與驗收規範!$N64>電機廠報告與驗收規範!$N65,電機廠報告與驗收規範!$N64=電機廠報告與驗收規範!$J$5),電機廠報告與驗收規範!$L64,電機廠報告與驗收規範!$L63))=電機廠報告與驗收規範!$L62,電機廠報告與驗收規範!$N63,電機廠報告與驗收規範!$N62))) -> 35 | J71: =IF(IF(電機廠報告與驗收規範!$N66=電機廠報告與驗收規範!$J$5,電機廠報告與驗收規範!$L66,IF(AND(電機廠報告與驗收規範!$N65>電機廠報告與驗收規範!$N66,電機廠報告與驗收規範!$N65=電機廠報告與驗收規範!$J$5),電機廠報告與驗收規範!$L65,電機廠報告與驗收規範!$L64))>電機廠報告與驗收規範!$H$5,電機廠報告與驗收規範!$U$65,IF(IF(電機廠報告與驗收規範!$N65=電機廠報告與驗收規範!$J$5,電機廠報告與驗收規範!$L65,IF(AND(電機廠報告與驗收規範!$N64>電機廠報告與驗收規範!$N65,電機廠報告與驗收規範!$N64=電機廠報告與驗收規範!$J$5),電機廠報告與驗收規範!$L64,電機廠報告與驗收規範!$L63))=電機廠報告與驗收規範!$L63,電機廠報告與驗收規範!$U64,IF(IF(電機廠報告與驗收規範!$N65=電機廠報告與驗收規範!$J$5,電機廠報告與驗收規範!$L65,IF(AND(電機廠報告與驗收規範!$N64>電機廠報告與驗收規範!$N65,電機廠報告與驗收規範!$N64=電機廠報告與驗收規範!$J$5),電機廠報告與驗收規範!$L64,電機廠報告與驗收規範!$L63))=電機廠報告與驗收規範!$L62,電機廠報告與驗收規範!$U63,電機廠報告與驗收規範!$U62))) -> 0 | L71: =ROUND(2*PI()*D71*H71/60/1000,2) -> 21.99
D72: =IF(IF(電機廠報告與驗收規範!$N67=電機廠報告與驗收規範!$J$5,電機廠報告與驗收規範!$L67,IF(AND(電機廠報告與驗收規範!$N66>電機廠報告與驗收規範!$N67,電機廠報告與驗收規範!$N66=電機廠報告與驗收規範!$J$5),電機廠報告與驗收規範!$L66,電機廠報告與驗收規範!$L65))>電機廠報告與驗收規範!$H$5,電機廠報告與驗收規範!$H$5,IF(電機廠報告與驗收規範!$N67=電機廠報告與驗收規範!$J$5,電機廠報告與驗收規範!$L67,IF(AND(電機廠報告與驗收規範!$N66>電機廠報告與驗收規範!$N67,電機廠報告與驗收規範!$N66=電機廠報告與驗收規範!$J$5),電機廠報告與驗收規範!$L66,電機廠報告與驗收規範!$L65))) -> 8000 | F72: =IF(IF(電機廠報告與驗收規範!$N67=電機廠報告與驗收規範!$J$5,電機廠報告與驗收規範!$L67,IF(AND(電機廠報告與驗收規範!$N66>電機廠報告與驗收規範!$N67,電機廠報告與驗收規範!$N66=電機廠報告與驗收規範!$J$5),電機廠報告與驗收規範!$L66,電機廠報告與驗收規範!$L65))>電機廠報告與驗收規範!$H$5,電機廠報告與驗收規範!$Q$65,IF(IF(電機廠報告與驗收規範!$N66=電機廠報告與驗收規範!$J$5,電機廠報告與驗收規範!$L66,IF(AND(電機廠報告與驗收規範!$N65>電機廠報告與驗收規範!$N66,電機廠報告與驗收規範!$N65=電機廠報告與驗收規範!$J$5),電機廠報告與驗收規範!$L65,電機廠報告與驗收規範!$L64))=電機廠報告與驗收規範!$L64,電機廠報告與驗收規範!$Q65,IF(IF(電機廠報告與驗收規範!$N66=電機廠報告與驗收規範!$J$5,電機廠報告與驗收規範!$L66,IF(AND(電機廠報告與驗收規範!$N65>電機廠報告與驗收規範!$N66,電機廠報告與驗收規範!$N65=電機廠報告與驗收規範!$J$5),電機廠報告與驗收規範!$L65,電機廠報告與驗收規範!$L64))=電機廠報告與驗收規範!$L63,電機廠報告與驗收規範!$Q64,電機廠報告與驗收規範!$Q63))) -> 0 | H72: =IF(IF(電機廠報告與驗收規範!$N67=電機廠報告與驗收規範!$J$5,電機廠報告與驗收規範!$L67,IF(AND(電機廠報告與驗收規範!$N66>電機廠報告與驗收規範!$N67,電機廠報告與驗收規範!$N66=電機廠報告與驗收規範!$J$5),電機廠報告與驗收規範!$L66,電機廠報告與驗收規範!$L65))>電機廠報告與驗收規範!$H$5,電機廠報告與驗收規範!$N$65,IF(IF(電機廠報告與驗收規範!$N66=電機廠報告與驗收規範!$J$5,電機廠報告與驗收規範!$L66,IF(AND(電機廠報告與驗收規範!$N65>電機廠報告與驗收規範!$N66,電機廠報告與驗收規範!$N65=電機廠報告與驗收規範!$J$5),電機廠報告與驗收規範!$L65,電機廠報告與驗收規範!$L64))=電機廠報告與驗收規範!$L64,電機廠報告與驗收規範!$N65,IF(IF(電機廠報告與驗收規範!$N66=電機廠報告與驗收規範!$J$5,電機廠報告與驗收規範!$L66,IF(AND(電機廠報告與驗收規範!$N65>電機廠報告與驗收規範!$N66,電機廠報告與驗收規範!$N65=電機廠報告與驗收規範!$J$5),電機廠報告與驗收規範!$L65,電機廠報告與驗收規範!$L64))=電機廠報告與驗收規範!$L63,電機廠報告與驗收規範!$N64,電機廠報告與驗收規範!$N63))) -> 26.25 | J72: =IF(IF(電機廠報告與驗收規範!$N67=電機廠報告與驗收規範!$J$5,電機廠報告與驗收規範!$L67,IF(AND(電機廠報告與驗收規範!$N66>電機廠報告與驗收規範!$N67,電機廠報告與驗收規範!$N66=電機廠報告與驗收規範!$J$5),電機廠報告與驗收規範!$L66,電機廠報告與驗收規範!$L65))>電機廠報告與驗收規範!$H$5,電機廠報告與驗收規範!$U$65,IF(IF(電機廠報告與驗收規範!$N66=電機廠報告與驗收規範!$J$5,電機廠報告與驗收規範!$L66,IF(AND(電機廠報告與驗收規範!$N65>電機廠報告與驗收規範!$N66,電機廠報告與驗收規範!$N65=電機廠報告與驗收規範!$J$5),電機廠報告與驗收規範!$L65,電機廠報告與驗收規範!$L64))=電機廠報告與驗收規範!$L64,電機廠報告與驗收規範!$U65,IF(IF(電機廠報告與驗收規範!$N66=電機廠報告與驗收規範!$J$5,電機廠報告與驗收規範!$L66,IF(AND(電機廠報告與驗收規範!$N65>電機廠報告與驗收規範!$N66,電機廠報告與驗收規範!$N65=電機廠報告與驗收規範!$J$5),電機廠報告與驗收規範!$L65,電機廠報告與驗收規範!$L64))=電機廠報告與驗收規範!$L63,電機廠報告與驗收規範!$U64,電機廠報告與驗收規範!$U63))) -> 0 | L72: =ROUND(2*PI()*D72*H72/60/1000,2) -> 21.99

Sheet 自動審查
A1: 步驟 | B1: 測試項目 | C1: 測試方式 | O1: 繞組電阻測試 | P1: 與平均值誤差容許值 | Q1: 0.05
C2: 使用低阻計量測U-V，V-W，U-W線電阻 | D2: =電機廠報告與驗收規範!J13 -> 參數來源 | E2: =電機廠報告與驗收規範!J15 -> 規格書(設計值) | F2: =電機廠報告與驗收規範!J14 -> 量測數值 | G2: 與平均值誤差(%) | H2: 是否符合 | I2: 未通過原因 | J2: 與設計值誤差(%) | K2: 是否符合 | L2: 未通過原因 | P2: 與設計值誤差容許值 | Q2: 0.05
A3: =電機廠報告與驗收規範!C13 -> 3 | B3: =電機廠報告與驗收規範!D13 -> 繞組電阻測試 | O3: S1 100%負載連續使用測試 | P3: 轉速誤差容許值(非額定轉速) | Q3: 0.03
D4: =電機廠報告與驗收規範!L13 -> Ru-v(Ω) | E4: =電機廠報告與驗收規範!L15 -> 0.27 | F4: =電機廠報告與驗收規範!L14 -> 0.27 | G4: =(F4-$F$7)/$F$7 -> 0 | H4: =IF(ABS(G4)<$Q$1,"Yes","No") -> Yes | I4: =IF(H4="No",_xlfn.TEXTJOIN("",TRUE,"線電阻與平均值誤差>",$Q$1*100,"%"),"") | P4: 轉速誤差容許值(額定轉速) | Q4: 5
D5: =電機廠報告與驗收規範!M13 -> Rv-w(Ω) | E5: =電機廠報告與驗收規範!M15 -> 0.27 | F5: =電機廠報告與驗收規範!M14 -> 0.27 | G5: =(F5-$F$7)/$F$7 -> 0 | H5: =IF(ABS(G5)<$Q$1,"Yes","No") -> Yes | I5: =IF(H5="No",_xlfn.TEXTJOIN("",TRUE,"線電阻與平均值誤差>",$Q$1*100,"%"),"") | P5: 轉矩誤差容許值(非額定轉速) | Q5: 0.03
D6: =電機廠報告與驗收規範!N13 -> Ru-w(Ω) | E6: =電機廠報告與驗收規範!N15 -> 0.27 | F6: =電機廠報告與驗收規範!N14 -> 0.27 | G6: =(F6-$F$7)/$F$7 -> 0 | H6: =IF(ABS(G6)<$Q$1,"Yes","No") -> Yes | I6: =IF(H6="No",_xlfn.TEXTJOIN("",TRUE,"線電阻與平均值誤差>",$Q$1*100,"%"),"") | P6: 轉矩誤差容許值(額定轉速) | Q6: 0.01
D7: =電機廠報告與驗收規範!O13 -> Ravg (Ω) | E7: =電機廠報告與驗收規範!O15 -> 0.27 | F7: =電機廠報告與驗收規範!O14 -> 0.27 | J7: =電機廠報告與驗收規範!O16 -> 0 | K7: =IF(ABS(J7)<Q2,"Yes","No") -> Yes | L7: =IF(K7="No",_xlfn.TEXTJOIN("",TRUE,"電阻量測平均值與設計值誤差>",$Q$2*100,"%"),"") | P7: 輸入功率誤差容許值 | Q7: 0.05
A8: =電機廠報告與驗收規範!C31 -> 10 | B8: =電機廠報告與驗收規範!D31 -> S1 100%負載連續使用測試 | C8: 電機於溫升測試達熱穩態後後進行T-N與P-N曲線測試。 參考以下紀錄負載T-N與P-N曲線測試數據 初始轉速: 50%額定轉速測試 轉速間隔: 50%額定轉速 最終轉速:電機最高轉速規格 最終扭力: 該轉速對應T-N曲線規格最大扭力 以"量測轉速"等於"目標轉速"的情況下進行測試，加大扭力會增加滑差、使"量測轉速"降低，請再提高轉速命令(同步頻率)，使"量測轉速"等於"目標轉速"，再紀錄測試結果 如果因實驗設備限制，請註明可以實測的轉矩與速度的範圍；並且提供建議的測試操作點。(請電機廠備註使用的驅動器) 無法提供的數據請備註原因, 並填上N/A 其餘細節參考表格下方備註 | D8: 目標轉速(%) | E8: 目標轉速(RPM) | F8: 量測轉速(RPM) | G8: 轉速誤差 (% or rpm) | H8: 是否符合 | I8: 未通過原因 | P8: 輸出功率誤差容許值 | Q8: 0.05
P9: 電壓誤差容許值(非額定轉速) | Q9: 0.05
D10: =電機廠報告與驗收規範!$J$33 -> 0.5 | E10: =電機廠報告與驗收規範!$J$3*D10 -> 750 | F10: =IF(電機廠報告與驗收規範!N33="","-",電機廠報告與驗收規範!N33) -> 749 | G10: =IF(F10<>"-",(F10-E10)/E10,"-") -> -0.0013333333 | H10: {=_xlfn.IFS(G10="-","-",ABS(G10)<=$Q$3,"Yes",TRUE,"No")} -> #NAME? | I10: =IF(H10="No",_xlfn.TEXTJOIN("",TRUE,"轉速誤差>",$Q$3*100,"%"),"") -> #NAME? | P10: 電壓誤差容許值(額定轉速) | Q10: 0.03
D11: =電機廠報告與驗收規範!$J$34 -> 1 | E11: =電機廠報告與驗收規範!$J$3*D11 -> 1500 | F11: =IF(電機廠報告與驗收規範!N34="","-",電機廠報告與驗收規範!N34) -> 1502 | G11: =IF(F11<>"-",F11-E11,"-") -> 2 | H11: {=_xlfn.IFS(G11="-","-",ABS(G11)<=$Q$4,"Yes",TRUE,"No")} -> #NAME? | I11: =IF(H11="No",_xlfn.TEXTJOIN("",TRUE,"轉速誤差>",Q4,"rpm"),"") -> #NAME? | P11: 電流誤差容許值(非額定轉速) | Q11: 0.05
D12: =電機廠報告與驗收規範!$J$35 -> 1.5 | E12: =電機廠報告與驗收規範!$J$3*D12 -> 2250 | F12: =IF(電機廠報告與驗收規範!N35="","-",電機廠報告與驗收規範!N35) -> - | G12: =IF(F12<>"-",(F12-E12)/E12,"-") -> - | H12: {=_xlfn.IFS(G12="-","-",ABS(G12)<=$Q$3,"Yes",TRUE,"No")} -> #NAME? | I12: =IF(H12="No",_xlfn.TEXTJOIN("",TRUE,"轉速誤差>",$Q$3*100,"%"),"") -> #NAME? | P12: 電流誤差容許值(額定轉速) | Q12: 0.03
D13: =電機廠報告與驗收規範!$J$36 -> 2 | E13: =電機廠報告與驗收規範!$J$3*D13 -> 3000 | F13: =IF(電機廠報告與驗收規範!N36="","-",電機廠報告與驗收規範!N36) -> - | G13: =IF(F13<>"-",(F13-E13)/E13,"-") -> - | H13: {=_xlfn.IFS(G13="-","-",ABS(G13)<=$Q$3,"Yes",TRUE,"No")} -> #NAME? | I13: =IF(H13="No",_xlfn.TEXTJOIN("",TRUE,"轉速誤差>",$Q$3*100,"%"),"") -> #NAME? | P13: 三相電壓誤差容許值 | Q13: 0.03
D14: =電機廠報告與驗收規範!$J$37 -> 2.5 | E14: =電機廠報告與驗收規範!$J$3*D14 -> 3750 | F14: =IF(電機廠報告與驗收規範!N37="","-",電機廠報告與驗收規範!N37) -> - | G14: =IF(F14<>"-",(F14-E14)/E14,"-") -> - | H14: {=_xlfn.IFS(G14="-","-",ABS(G14)<=$Q$3,"Yes",TRUE,"No")} -> #NAME? | I14: =IF(H14="No",_xlfn.TEXTJOIN("",TRUE,"轉速誤差>",$Q$3*100,"%"),"") -> #NAME? | P14: 三相電流誤差容許值 | Q14: 0.05
D15: =電機廠報告與驗收規範!$J$38 -> 3 | E15: =電機廠報告與驗收規範!$J$3*D15 -> 4500 | F15: =IF(電機廠報告與驗收規範!N38="","-",電機廠報告與驗收規範!N38) -> - | G15: =IF(F15<>"-",(F15-E15)/E15,"-") -> - | H15: {=_xlfn.IFS(G15="-","-",ABS(G15)<=$Q$3,"Yes",TRUE,"No")} -> #NAME? | I15: =IF(H15="No",_xlfn.TEXTJOIN("",TRUE,"轉速誤差>",$Q$3*100,"%"),"") -> #NAME? | O15: S2 短時間使用150%負載測試 | P15: 轉速誤差容許值 | Q15: 0.05
D16: =電機廠報告與驗收規範!$J$39 -> 3.5 | E16: =電機廠報告與驗收規範!$J$3*D16 -> 5250 | F16: =IF(電機廠報告與驗收規範!N39="","-",電機廠報告與驗收規範!N39) -> - | G16: =IF(F16<>"-",(F16-E16)/E16,"-") -> - | H16: {=_xlfn.IFS(G16="-","-",ABS(G16)<=$Q$3,"Yes",TRUE,"No")} -> #NAME? | I16: =IF(H16="No",_xlfn.TEXTJOIN("",TRUE,"轉速誤差>",$Q$3*100,"%"),"") -> #NAME? | P16: 轉矩誤差容許值 | Q16: 0.05
D17: =電機廠報告與驗收規範!$J$40 -> 4 | E17: =電機廠報告與驗收規範!$J$3*D17 -> 6000 | F17: =IF(電機廠報告與驗收規範!N40="","-",電機廠報告與驗收規範!N40) -> - | G17: =IF(F17<>"-",(F17-E17)/E17,"-") -> - | H17: {=_xlfn.IFS(G17="-","-",ABS(G17)<=$Q$3,"Yes",TRUE,"No")} -> #NAME? | I17: =IF(H17="No",_xlfn.TEXTJOIN("",TRUE,"轉速誤差>",$Q$3*100,"%"),"") -> #NAME? | P17: 輸入功率誤差容許值 | Q17: 0.05
D18: =電機廠報告與驗收規範!$J$41 -> 最高轉速 | E18: =電機廠報告與驗收規範!H5 -> 8000 | F18: =IF(電機廠報告與驗收規範!N41="","-",電機廠報告與驗收規範!N41) -> - | G18: =IF(F18<>"-",(F18-E18)/E18,"-") -> - | H18: {=_xlfn.IFS(G18="-","-",ABS(G18)<=$Q$3,"Yes",TRUE,"No")} -> #NAME? | I18: =IF(H18="No",_xlfn.TEXTJOIN("",TRUE,"轉速誤差>",$Q$3*100,"%"),"") -> #NAME? | P18: 輸出功率誤差容許值 | Q18: 0.05
D19: 目標轉速(%) | E19: 轉矩設定(%) | F19: 轉矩設定(Nm) | G19: 量測轉矩(Nm) | H19: 轉矩誤差 (%) | I19: 是否符合 | J19: 未通過原因 | P19: 電壓誤差容許值 | Q19: 0.05
P20: 三相電壓誤差容許值 | Q20: 0.03
D21: =電機廠報告與驗收規範!$J$33 -> 0.5 | E21: =電機廠報告與驗收規範!L33 -> 1 | F21: =電機廠報告與驗收規範!M33 -> 70 | G21: =IF(電機廠報告與驗收規範!P33="","-",電機廠報告與驗收規範!P33) -> 70.14 | H21: =IF(G21<>"-",(G21-F21)/F21,"-") -> 0.002 | I21: {=_xlfn.IFS(H21="-","-",ABS(H21)<=$Q$5,"Yes",TRUE,"No")} -> #NAME? | J21: =IF(I21="No",_xlfn.TEXTJOIN("",TRUE,"轉矩誤差>",$Q$5*100,"%"),"") -> #NAME? | P21: 三相電流誤差容許值 | Q21: 0.05
D22: =電機廠報告與驗收規範!$J$34 -> 1 | E22: =電機廠報告與驗收規範!L34 -> 1 | F22: =電機廠報告與驗收規範!M34 -> 70 | G22: =IF(電機廠報告與驗收規範!P34="","-",電機廠報告與驗收規範!P34) -> 69.36 | H22: =IF(G22<>"-",(G22-F22)/F22,"-") -> -0.0091428571 | I22: {=_xlfn.IFS(H22="-","-",ABS(H22)<=$Q$5,"Yes",TRUE,"No")} -> #NAME? | J22: =IF(I22="No",_xlfn.TEXTJOIN("",TRUE,"轉矩誤差>",$Q$6*100,"%"),"") -> #NAME? | O22: S3 / S6 反覆使用測試 | P22: 轉速誤差容許值 | Q22: 0.05
D23: =電機廠報告與驗收規範!$J$35 -> 1.5 | E23: =電機廠報告與驗收規範!L35 -> 0.66666667 | F23: =電機廠報告與驗收規範!M35 -> 46.666667 | G23: =IF(電機廠報告與驗收規範!P35="","-",電機廠報告與驗收規範!P35) -> - | H23: =IF(G23<>"-",(G23-F23)/F23,"-") -> - | I23: {=_xlfn.IFS(H23="-","-",ABS(H23)<=$Q$5,"Yes",TRUE,"No")} -> #NAME? | J23: =IF(I23="No",_xlfn.TEXTJOIN("",TRUE,"轉矩誤差>",$Q$5*100,"%"),"") -> #NAME? | P23: 轉矩誤差容許值 | Q23: 0.05
D24: =電機廠報告與驗收規範!$J$36 -> 2 | E24: =電機廠報告與驗收規範!L36 -> 0.5 | F24: =電機廠報告與驗收規範!M36 -> 35 | G24: =IF(電機廠報告與驗收規範!P36="","-",電機廠報告與驗收規範!P36) -> - | H24: =IF(G24<>"-",(G24-F24)/F24,"-") -> - | I24: {=_xlfn.IFS(H24="-","-",ABS(H24)<=$Q$5,"Yes",TRUE,"No")} -> #NAME? | J24: =IF(I24="No",_xlfn.TEXTJOIN("",TRUE,"轉矩誤差>",$Q$5*100,"%"),"") -> #NAME? | P24: 三相電流誤差容許值 | Q24: 0.05
D25: =電機廠報告與驗收規範!$J$37 -> 2.5 | E25: =電機廠報告與驗收規範!L37 -> 0.4 | F25: =電機廠報告與驗收規範!M37 -> 28 | G25: =IF(電機廠報告與驗收規範!P37="","-",電機廠報告與驗收規範!P37) -> - | H25: =IF(G25<>"-",(G25-F25)/F25,"-") -> - | I25: {=_xlfn.IFS(H25="-","-",ABS(H25)<=$Q$5,"Yes",TRUE,"No")} -> #NAME? | J25: =IF(I25="No",_xlfn.TEXTJOIN("",TRUE,"轉矩誤差>",$Q$5*100,"%"),"") -> #NAME? | O25: 提供等校參數(實測值) | P25: R1與各項電阻平均的誤差容許值 | Q25: 0.03
D26: =電機廠報告與驗收規範!$J$38 -> 3 | E26: =電機廠報告與驗收規範!L38 -> 0.33333333 | F26: =電機廠報告與驗收規範!M38 -> 23.333333 | G26: =IF(電機廠報告與驗收規範!P38="","-",電機廠報告與驗收規範!P38) -> - | H26: =IF(G26<>"-",(G26-F26)/F26,"-") -> - | I26: {=_xlfn.IFS(H26="-","-",ABS(H26)<=$Q$5,"Yes",TRUE,"No")} -> #NAME? | J26: =IF(I26="No",_xlfn.TEXTJOIN("",TRUE,"轉矩誤差>",$Q$5*100,"%"),"") -> #NAME?
D27: =電機廠報告與驗收規範!$J$39 -> 3.5 | E27: =電機廠報告與驗收規範!L39 -> 0.28571429 | F27: =電機廠報告與驗收規範!M39 -> 20 | G27: =IF(電機廠報告與驗收規範!P39="","-",電機廠報告與驗收規範!P39) -> - | H27: =IF(G27<>"-",(G27-F27)/F27,"-") -> - | I27: {=_xlfn.IFS(H27="-","-",ABS(H27)<=$Q$5,"Yes",TRUE,"No")} -> #NAME? | J27: =IF(I27="No",_xlfn.TEXTJOIN("",TRUE,"轉矩誤差>",$Q$5*100,"%"),"") -> #NAME?
D28: =電機廠報告與驗收規範!$J$40 -> 4 | E28: =電機廠報告與驗收規範!L40 -> 0.25 | F28: =電機廠報告與驗收規範!M40 -> 17.5 | G28: =IF(電機廠報告與驗收規範!P40="","-",電機廠報告與驗收規範!P40) -> - | H28: =IF(G28<>"-",(G28-F28)/F28,"-") -> - | I28: {=_xlfn.IFS(H28="-","-",ABS(H28)<=$Q$5,"Yes",TRUE,"No")} -> #NAME? | J28: =IF(I28="No",_xlfn.TEXTJOIN("",TRUE,"轉矩誤差>",$Q$5*100,"%"),"") -> #NAME?
D29: =電機廠報告與驗收規範!$J$41 -> 最高轉速 | E29: =電機廠報告與驗收規範!L41 -> 0.1875 | F29: =電機廠報告與驗收規範!M41 -> 13.125 | G29: =IF(電機廠報告與驗收規範!P41="","-",電機廠報告與驗收規範!P41) -> - | H29: =IF(G29<>"-",(G29-F29)/F29,"-") -> - | I29: {=_xlfn.IFS(H29="-","-",ABS(H29)<=$Q$5,"Yes",TRUE,"No")} -> #NAME? | J29: =IF(I29="No",_xlfn.TEXTJOIN("",TRUE,"轉矩誤差>",$Q$5*100,"%"),"") -> #NAME?
D30: 目標轉速(%) | E30: 線電壓1(Vrms) | F30: 線電壓2(Vrms) | G30: 線電壓3(Vrms) | H30: 平均電壓誤差(%) | I30: 是否符合 | J30: 未通過原因 | K30: 三相電壓誤差(%) | L30: 是否符合 | M30: 未通過原因
D32: =電機廠報告與驗收規範!$J$33 -> 0.5 | E32: =IF(電機廠報告與驗收規範!Q33="","-",電機廠報告與驗收規範!Q33) -> 134.1 | F32: =IF(電機廠報告與驗收規範!R33="","-",電機廠報告與驗收規範!R33) -> 134.2 | G32: =IF(電機廠報告與驗收規範!S33="","-",電機廠報告與驗收規範!S33) -> 134..1 | K32: =IF(E32<>"-",(MAX(E32:G32)-MIN(E32:G32))/MIN(E32:G32),"-") -> 0.00074571216 | L32: {=_xlfn.IFS(K32="-","-",K32<=$Q$13,"Yes",TRUE,"No")} -> #NAME? | M32: =IF(L32="No",_xlfn.TEXTJOIN("",TRUE,"三相電壓誤差>",$Q$13*100,"%"),"") -> #NAME?
D33: =電機廠報告與驗收規範!$J$34 -> 1 | E33: =IF(電機廠報告與驗收規範!Q34="","-",電機廠報告與驗收規範!Q34) -> 257.5 | F33: =IF(電機廠報告與驗收規範!R34="","-",電機廠報告與驗收規範!R34) -> 257.5 | G33: =IF(電機廠報告與驗收規範!S34="","-",電機廠報告與驗收規範!S34) -> 257.7 | H33: =IF(E33<>"-",(AVERAGE(E33:G33)-電機廠報告與驗收規範!$H$3)/電機廠報告與驗收規範!$H$3,"-") -> -0.0093589744 | I33: {=_xlfn.IFS(H33="-","-",ABS(H33)<=$Q$10,"Yes",TRUE,"No")} -> #NAME? | J33: =IF(I33="No",_xlfn.TEXTJOIN("",TRUE,"平均電壓誤差>",$Q$10*100,"%"),"") -> #NAME? | K33: =IF(E33<>"-",(MAX(E33:G33)-MIN(E33:G33))/MIN(E33:G33),"-") -> 0.00077669903 | L33: {=_xlfn.IFS(K33="-","-",K33<=$Q$13,"Yes",TRUE,"No")} -> #NAME? | M33: =IF(L33="No",_xlfn.TEXTJOIN("",TRUE,"三相電壓誤差>",$Q$13*100,"%"),"") -> #NAME?
D34: =電機廠報告與驗收規範!$J$35 -> 1.5 | E34: =IF(電機廠報告與驗收規範!Q35="","-",電機廠報告與驗收規範!Q35) -> - | F34: =IF(電機廠報告與驗收規範!R35="","-",電機廠報告與驗收規範!R35) -> - | G34: =IF(電機廠報告與驗收規範!S35="","-",電機廠報告與驗收規範!S35) -> - | H34: =IF(E34<>"-",(AVERAGE(E34:G34)-電機廠報告與驗收規範!$H$3)/電機廠報告與驗收規範!$H$3,"-") -> - | I34: {=_xlfn.IFS(H34="-","-",ABS(H34)<=$Q$10,"Yes",TRUE,"No")} -> #NAME? | J34: =IF(I34="No",_xlfn.TEXTJOIN("",TRUE,"平均電壓誤差>",$Q$9*100,"%"),"") -> #NAME? | K34: =IF(E34<>"-",(MAX(E34:G34)-MIN(E34:G34))/MIN(E34:G34),"-") -> - | L34: {=_xlfn.IFS(K34="-","-",K34<=$Q$13,"Yes",TRUE,"No")} -> #NAME? | M34: =IF(L34="No",_xlfn.TEXTJOIN("",TRUE,"三相電壓誤差>",$Q$13*100,"%"),"") -> #NAME?
D35: =電機廠報告與驗收規範!$J$36 -> 2 | E35: =IF(電機廠報告與驗收規範!Q36="","-",電機廠報告與驗收規範!Q36) -> - | F35: =IF(電機廠報告與驗收規範!R36="","-",電機廠報告與驗收規範!R36) -> - | G35: =IF(電機廠報告與驗收規範!S36="","-",電機廠報告與驗收規範!S36) -> - | H35: =IF(E35<>"-",(AVERAGE(E35:G35)-電機廠報告與驗收規範!$H$3)/電機廠報告與驗收規範!$H$3,"-") -> - | I35: {=_xlfn.IFS(H35="-","-",ABS(H35)<=$Q$10,"Yes",TRUE,"No")} -> #NAME? | J35: =IF(I35="No",_xlfn.TEXTJOIN("",TRUE,"平均電壓誤差>",$Q$9*100,"%"),"") -> #NAME? | K35: =IF(E35<>"-",(MAX(E35:G35)-MIN(E35:G35))/MIN(E35:G35),"-") -> - | L35: {=_xlfn.IFS(K35="-","-",K35<=$Q$13,"Yes",TRUE,"No")} -> #NAME? | M35: =IF(L35="No",_xlfn.TEXTJOIN("",TRUE,"三相電壓誤差>",$Q$13*100,"%"),"") -> #NAME?
D36: =電機廠報告與驗收規範!$J$37 -> 2.5 | E36: =IF(電機廠報告與驗收規範!Q37="","-",電機廠報告與驗收規範!Q37) -> - | F36: =IF(電機廠報告與驗收規範!R37="","-",電機廠報告與驗收規範!R37) -> - | G36: =IF(電機廠報告與驗收規範!S37="","-",電機廠報告與驗收規範!S37) -> - | H36: =IF(E36<>"-",(AVERAGE(E36:G36)-電機廠報告與驗收規範!$H$3)/電機廠報告與驗收規範!$H$3,"-") -> - | I36: {=_xlfn.IFS(H36="-","-",ABS(H36)<=$Q$10,"Yes",TRUE,"No")} -> #NAME? | J36: =IF(I36="No",_xlfn.TEXTJOIN("",TRUE,"平均電壓誤差>",$Q$9*100,"%"),"") -> #NAME? | K36: =IF(E36<>"-",(MAX(E36:G36)-MIN(E36:G36))/MIN(E36:G36),"-") -> - | L36: {=_xlfn.IFS(K36="-","-",K36<=$Q$13,"Yes",TRUE,"No")} -> #NAME? | M36: =IF(L36="No",_xlfn.TEXTJOIN("",TRUE,"三相電壓誤差>",$Q$13*100,"%"),"") -> #NAME?
D37: =電機廠報告與驗收規範!$J$38 -> 3 | E37: =IF(電機廠報告與驗收規範!Q38="","-",電機廠報告與驗收規範!Q38) -> - | F37: =IF(電機廠報告與驗收規範!R38="","-",電機廠報告與驗收規範!R38) -> - | G37: =IF(電機廠報告與驗收規範!S38="","-",電機廠報告與驗收規範!S38) -> - | H37: =IF(E37<>"-",(AVERAGE(E37:G37)-電機廠報告與驗收規範!$H$3)/電機廠報告與驗收規範!$H$3,"-") -> - | I37: {=_xlfn.IFS(H37="-","-",ABS(H37)<=$Q$10,"Yes",TRUE,"No")} -> #NAME? | J37: =IF(I37="No",_xlfn.TEXTJOIN("",TRUE,"平均電壓誤差>",$Q$9*100,"%"),"") -> #NAME? | K37: =IF(E37<>"-",(MAX(E37:G37)-MIN(E37:G37))/MIN(E37:G37),"-") -> - | L37: {=_xlfn.IFS(K37="-","-",K37<=$Q$13,"Yes",TRUE,"No")} -> #NAME? | M37: =IF(L37="No",_xlfn.TEXTJOIN("",TRUE,"三相電壓誤差>",$Q$13*100,"%"),"") -> #NAME?
D38: =電機廠報告與驗收規範!$J$39 -> 3.5 | E38: =IF(電機廠報告與驗收規範!Q39="","-",電機廠報告與驗收規範!Q39) -> - | F38: =IF(電機廠報告與驗收規範!R39="","-",電機廠報告與驗收規範!R39) -> - | G38: =IF(電機廠報告與驗收規範!S39="","-",電機廠報告與驗收規範!S39) -> - | H38: =IF(E38<>"-",(AVERAGE(E38:G38)-電機廠報告與驗收規範!$H$3)/電機廠報告與驗收規範!$H$3,"-") -> - | I38: {=_xlfn.IFS(H38="-","-",ABS(H38)<=$Q$10,"Yes",TRUE,"No")} -> #NAME? | J38: =IF(I38="No",_xlfn.TEXTJOIN("",TRUE,"平均電壓誤差>",$Q$9*100,"%"),"") -> #NAME? | K38: =IF(E38<>"-",(MAX(E38:G38)-MIN(E38:G38))/MIN(E38:G38),"-") -> - | L38: {=_xlfn.IFS(K38="-","-",K38<=$Q$13,"Yes",TRUE,"No")} -> #NAME? | M38: =IF(L38="No",_xlfn.TEXTJOIN("",TRUE,"三相電壓誤差>",$Q$13*100,"%"),"") -> #NAME?
D39: =電機廠報告與驗收規範!$J$40 -> 4 | E39: =IF(電機廠報告與驗收規範!Q40="","-",電機廠報告與驗收規範!Q40) -> - | F39: =IF(電機廠報告與驗收規範!R40="","-",電機廠報告與驗收規範!R40) -> - | G39: =IF(電機廠報告與驗收規範!S40="","-",電機廠報告與驗收規範!S40) -> - | H39: =IF(E39<>"-",(AVERAGE(E39:G39)-電機廠報告與驗收規範!$H$3)/電機廠報告與驗收規範!$H$3,"-") -> - | I39: {=_xlfn.IFS(H39="-","-",ABS(H39)<=$Q$10,"Yes",TRUE,"No")} -> #NAME? | J39: =IF(I39="No",_xlfn.TEXTJOIN("",TRUE,"平均電壓誤差>",$Q$9*100,"%"),"") -> #NAME? | K39: =IF(E39<>"-",(MAX(E39:G39)-MIN(E39:G39))/MIN(E39:G39),"-") -> - | L39: {=_xlfn.IFS(K39="-","-",K39<=$Q$13,"Yes",TRUE,"No")} -> #NAME? | M39: =IF(L39="No",_xlfn.TEXTJOIN("",TRUE,"三相電壓誤差>",$Q$13*100,"%"),"") -> #NAME?
D40: =電機廠報告與驗收規範!$J$41 -> 最高轉速 | E40: =IF(電機廠報告與驗收規範!Q41="","-",電機廠報告與驗收規範!Q41) -> - | F40: =IF(電機廠報告與驗收規範!R41="","-",電機廠報告與驗收規範!R41) -> - | G40: =IF(電機廠報告與驗收規範!S41="","-",電機廠報告與驗收規範!S41) -> - | H40: =IF(E40<>"-",(AVERAGE(E40:G40)-電機廠報告與驗收規範!$H$3)/電機廠報告與驗收規範!$H$3,"-") -> - | I40: {=_xlfn.IFS(H40="-","-",ABS(H40)<=$Q$10,"Yes",TRUE,"No")} -> #NAME? | J40: =IF(I40="No",_xlfn.TEXTJOIN("",TRUE,"平均電壓誤差>",$Q$9*100,"%"),"") -> #NAME? | K40: =IF(E40<>"-",(MAX(E40:G40)-MIN(E40:G40))/MIN(E40:G40),"-") -> - | L40: {=_xlfn.IFS(K40="-","-",K40<=$Q$13,"Yes",TRUE,"No")} -> #NAME? | M40: =IF(L40="No",_xlfn.TEXTJOIN("",TRUE,"三相電壓誤差>",$Q$13*100,"%"),"") -> #NAME?
D41: 目標轉速(%) | E41: 線電流1(Arms) | F41: 線電流2(Arms) | G41: 線電流3(Arms) | H41: 平均電流誤差(%) | I41: 是否符合 | J41: 未通過原因 | K41: 三相電流誤差(%) | L41: 是否符合 | M41: 未通過原因
D43: =電機廠報告與驗收規範!$J$33 -> 0.5 | E43: =IF(電機廠報告與驗收規範!T33="","-",電機廠報告與驗收規範!T33) -> 32.2 | F43: =IF(電機廠報告與驗收規範!U33="","-",電機廠報告與驗收規範!U33) -> 32.3 | G43: =IF(電機廠報告與驗收規範!V33="","-",電機廠報告與驗收規範!V33) -> 32.1 | K43: =IF(E43<>"-",(MAX(E43:G43)-MIN(E43:G43))/MIN(E43:G43),"-") -> 0.0062305296 | L43: {=_xlfn.IFS(K43="-","-",K43<=$Q$14,"Yes",TRUE,"No")} -> #NAME? | M43: =IF(L43="No",_xlfn.TEXTJOIN("",TRUE,"三相電流誤差>",$Q$14*100,"%"),"") -> #NAME?
D44: =電機廠報告與驗收規範!$J$34 -> 1 | E44: =IF(電機廠報告與驗收規範!T34="","-",電機廠報告與驗收規範!T34) -> 32.3 | F44: =IF(電機廠報告與驗收規範!U34="","-",電機廠報告與驗收規範!U34) -> 32.1 | G44: =IF(電機廠報告與驗收規範!V34="","-",電機廠報告與驗收規範!V34) -> 32.2 | H44: =IF(E44<>"-",(AVERAGE(E44:G44)-電機廠報告與驗收規範!$P$3)/電機廠報告與驗收規範!$P$3,"-") -> -0.0030959752 | I44: {=_xlfn.IFS(H44="-","-",ABS(H44)<=$Q$12,"Yes",TRUE,"No")} -> #NAME? | J44: =IF(I44="No",_xlfn.TEXTJOIN("",TRUE,"平均電流誤差>",$Q$12*100,"%"),"") -> #NAME? | K44: =IF(E44<>"-",(MAX(E44:G44)-MIN(E44:G44))/MIN(E44:G44),"-") -> 0.0062305296 | L44: {=_xlfn.IFS(K44="-","-",K44<=$Q$14,"Yes",TRUE,"No")} -> #NAME? | M44: =IF(L44="No",_xlfn.TEXTJOIN("",TRUE,"三相電流誤差>",$Q$14*100,"%"),"") -> #NAME?
D45: =電機廠報告與驗收規範!$J$35 -> 1.5 | E45: =IF(電機廠報告與驗收規範!T35="","-",電機廠報告與驗收規範!T35) -> - | F45: =IF(電機廠報告與驗收規範!U35="","-",電機廠報告與驗收規範!U35) -> - | G45: =IF(電機廠報告與驗收規範!V35="","-",電機廠報告與驗收規範!V35) -> - | H45: =IF(E45<>"-",(AVERAGE(E45:G45)-電機廠報告與驗收規範!$P$3)/電機廠報告與驗收規範!$P$3,"-") -> - | I45: {=_xlfn.IFS(H45="-","-",ABS(H45)<$Q$11,"Yes",TRUE,"No")} -> #NAME? | J45: =IF(I45="No",_xlfn.TEXTJOIN("",TRUE,"平均電流誤差>",$Q$11*100,"%"),"") -> #NAME? | K45: =IF(E45<>"-",(MAX(E45:G45)-MIN(E45:G45))/MIN(E45:G45),"-") -> - | L45: {=_xlfn.IFS(K45="-","-",K45<=$Q$14,"Yes",TRUE,"No")} -> #NAME? | M45: =IF(L45="No",_xlfn.TEXTJOIN("",TRUE,"三相電流誤差>",$Q$14*100,"%"),"") -> #NAME?
D46: =電機廠報告與驗收規範!$J$36 -> 2 | E46: =IF(電機廠報告與驗收規範!T36="","-",電機廠報告與驗收規範!T36) -> - | F46: =IF(電機廠報告與驗收規範!U36="","-",電機廠報告與驗收規範!U36) -> - | G46: =IF(電機廠報告與驗收規範!V36="","-",電機廠報告與驗收規範!V36) -> - | H46: =IF(E46<>"-",(AVERAGE(E46:G46)-電機廠報告與驗收規範!$P$3)/電機廠報告與驗收規範!$P$3,"-") -> - | I46: {=_xlfn.IFS(H46="-","-",ABS(H46)<=$Q$11,"Yes",TRUE,"No")} -> #NAME? | J46: =IF(I46="No",_xlfn.TEXTJOIN("",TRUE,"平均電流誤差>",$Q$11*100,"%"),"") -> #NAME? | K46: =IF(E46<>"-",(MAX(E46:G46)-MIN(E46:G46))/MIN(E46:G46),"-") -> - | L46: {=_xlfn.IFS(K46="-","-",K46<=$Q$14,"Yes",TRUE,"No")} -> #NAME? | M46: =IF(L46="No",_xlfn.TEXTJOIN("",TRUE,"三相電流誤差>",$Q$14*100,"%"),"") -> #NAME?
D47: =電機廠報告與驗收規範!$J$37 -> 2.5 | E47: =IF(電機廠報告與驗收規範!T37="","-",電機廠報告與驗收規範!T37) -> - | F47: =IF(電機廠報告與驗收規範!U37="","-",電機廠報告與驗收規範!U37) -> - | G47: =IF(電機廠報告與驗收規範!V37="","-",電機廠報告與驗收規範!V37) -> - | H47: =IF(E47<>"-",(AVERAGE(E47:G47)-電機廠報告與驗收規範!$P$3)/電機廠報告與驗收規範!$P$3,"-") -> - | I47: {=_xlfn.IFS(H47="-","-",ABS(H47)<=$Q$11,"Yes",TRUE,"No")} -> #NAME? | J47: =IF(I47="No",_xlfn.TEXTJOIN("",TRUE,"平均電流誤差>",$Q$11*100,"%"),"") -> #NAME? | K47: =IF(E47<>"-",(MAX(E47:G47)-MIN(E47:G47))/MIN(E47:G47),"-") -> - | L47: {=_xlfn.IFS(K47="-","-",K47<=$Q$14,"Yes",TRUE,"No")} -> #NAME? | M47: =IF(L47="No",_xlfn.TEXTJOIN("",TRUE,"三相電流誤差>",$Q$14*100,"%"),"") -> #NAME?
D48: =電機廠報告與驗收規範!$J$38 -> 3 | E48: =IF(電機廠報告與驗收規範!T38="","-",電機廠報告與驗收規範!T38) -> - | F48: =IF(電機廠報告與驗收規範!U38="","-",電機廠報告與驗收規範!U38) -> - | G48: =IF(電機廠報告與驗收規範!V38="","-",電機廠報告與驗收規範!V38) -> - | H48: =IF(E48<>"-",(AVERAGE(E48:G48)-電機廠報告與驗收規範!$P$3)/電機廠報告與驗收規範!$P$3,"-") -> - | I48: {=_xlfn.IFS(H48="-","-",ABS(H48)<=$Q$11,"Yes",TRUE,"No")} -> #NAME? | J48: =IF(I48="No",_xlfn.TEXTJOIN("",TRUE,"平均電流誤差>",$Q$11*100,"%"),"") -> #NAME? | K48: =IF(E48<>"-",(MAX(E48:G48)-MIN(E48:G48))/MIN(E48:G48),"-") -> - | L48: {=_xlfn.IFS(K48="-","-",K48<=$Q$14,"Yes",TRUE,"No")} -> #NAME? | M48: =IF(L48="No",_xlfn.TEXTJOIN("",TRUE,"三相電流誤差>",$Q$14*100,"%"),"") -> #NAME?
D49: =電機廠報告與驗收規範!$J$39 -> 3.5 | E49: =IF(電機廠報告與驗收規範!T39="","-",電機廠報告與驗收規範!T39) -> - | F49: =IF(電機廠報告與驗收規範!U39="","-",電機廠報告與驗收規範!U39) -> - | G49: =IF(電機廠報告與驗收規範!V39="","-",電機廠報告與驗收規範!V39) -> - | H49: =IF(E49<>"-",(AVERAGE(E49:G49)-電機廠報告與驗收規範!$P$3)/電機廠報告與驗收規範!$P$3,"-") -> - | I49: {=_xlfn.IFS(H49="-","-",ABS(H49)<=$Q$11,"Yes",TRUE,"No")} -> #NAME? | J49: =IF(I49="No",_xlfn.TEXTJOIN("",TRUE,"平均電流誤差>",$Q$11*100,"%"),"") -> #NAME? | K49: =IF(E49<>"-",(MAX(E49:G49)-MIN(E49:G49))/MIN(E49:G49),"-") -> - | L49: {=_xlfn.IFS(K49="-","-",K49<=$Q$14,"Yes",TRUE,"No")} -> #NAME? | M49: =IF(L49="No",_xlfn.TEXTJOIN("",TRUE,"三相電流誤差>",$Q$14*100,"%"),"") -> #NAME?
D50: =電機廠報告與驗收規範!$J$40 -> 4 | E50: =IF(電機廠報告與驗收規範!T40="","-",電機廠報告與驗收規範!T40) -> - | F50: =IF(電機廠報告與驗收規範!U40="","-",電機廠報告與驗收規範!U40) -> - | G50: =IF(電機廠報告與驗收規範!V40="","-",電機廠報告與驗收規範!V40) -> - | H50: =IF(E50<>"-",(AVERAGE(E50:G50)-電機廠報告與驗收規範!$P$3)/電機廠報告與驗收規範!$P$3,"-") -> - | I50: {=_xlfn.IFS(H50="-","-",ABS(H50)<=$Q$11,"Yes",TRUE,"No")} -> #NAME? | J50: =IF(I50="No",_xlfn.TEXTJOIN("",TRUE,"平均電流誤差>",$Q$11*100,"%"),"") -> #NAME? | K50: =IF(E50<>"-",(MAX(E50:G50)-MIN(E50:G50))/MIN(E50:G50),"-") -> - | L50: {=_xlfn.IFS(K50="-","-",K50<=$Q$14,"Yes",TRUE,"No")} -> #NAME? | M50: =IF(L50="No",_xlfn.TEXTJOIN("",TRUE,"三相電流誤差>",$Q$14*100,"%"),"") -> #NAME?
D51: =電機廠報告與驗收規範!$J$41 -> 最高轉速 | E51: =IF(電機廠報告與驗收規範!T41="","-",電機廠報告與驗收規範!T41) -> - | F51: =IF(電機廠報告與驗收規範!U41="","-",電機廠報告與驗收規範!U41) -> - | G51: =IF(電機廠報告與驗收規範!V41="","-",電機廠報告與驗收規範!V41) -> - | H51: =IF(E51<>"-",(AVERAGE(E51:G51)-電機廠報告與驗收規範!$P$3)/電機廠報告與驗收規範!$P$3,"-") -> - | I51: {=_xlfn.IFS(H51="-","-",ABS(H51)<=$Q$11,"Yes",TRUE,"No")} -> #NAME? | J51: =IF(I51="No",_xlfn.TEXTJOIN("",TRUE,"平均電流誤差>",$Q$11*100,"%"),"") -> #NAME? | K51: =IF(E51<>"-",(MAX(E51:G51)-MIN(E51:G51))/MIN(E51:G51),"-") -> - | L51: {=_xlfn.IFS(K51="-","-",K51<=$Q$14,"Yes",TRUE,"No")} -> #NAME? | M51: =IF(L51="No",_xlfn.TEXTJOIN("",TRUE,"三相電流誤差>",$Q$14*100,"%"),"") -> #NAME?
D52: 目標轉速(%) | E52: 電機輸入功率(kW) | F52: 功因 | G52: 輸入功率誤差(%) | H52: 是否符合 | I52: 未通過原因
D54: =電機廠報告與驗收規範!$J$33 -> 0.5 | E54: =IF(電機廠報告與驗收規範!W33="","-",電機廠報告與驗收規範!W33) -> 6.75 | F54: =IF(電機廠報告與驗收規範!Y33="","-",電機廠報告與驗收規範!Y33) -> 0.89 | G54: =IF(E32<>"-",(3^0.5*AVERAGE(E32:G32)*AVERAGE(E43:G43)*F54-E54*1000)/(E54*1000),"-") -> -0.013508358 | H54: {=_xlfn.IFS(G54="-","-",ABS(G54)<=$Q$7,"Yes",TRUE,"No")} -> #NAME? | I54: =IF(H54="No",_xlfn.TEXTJOIN("",TRUE,"輸入功率誤差>",$Q$7*100,"%"),"") -> #NAME?
D55: =電機廠報告與驗收規範!$J$34 -> 1 | E55: =IF(電機廠報告與驗收規範!W34="","-",電機廠報告與驗收規範!W34) -> 12.53 | F55: =IF(電機廠報告與驗收規範!Y34="","-",電機廠報告與驗收規範!Y34) -> 0.87 | G55: =IF(E33<>"-",(3^0.5*AVERAGE(E33:G33)*AVERAGE(E44:G44)*F55-E55*1000)/(E55*1000),"-") -> -0.0025885759 | H55: {=_xlfn.IFS(G55="-","-",ABS(G55)<=$Q$7,"Yes",TRUE,"No")} -> #NAME? | I55: =IF(H55="No",_xlfn.TEXTJOIN("",TRUE,"輸入功率誤差>",$Q$7*100,"%"),"") -> #NAME?
D56: =電機廠報告與驗收規範!$J$35 -> 1.5 | E56: =IF(電機廠報告與驗收規範!W35="","-",電機廠報告與驗收規範!W35) -> - | F56: =IF(電機廠報告與驗收規範!Y35="","-",電機廠報告與驗收規範!Y35) -> - | G56: =IF(E34<>"-",(3^0.5*AVERAGE(E34:G34)*AVERAGE(E45:G45)*F56-E56*1000)/(E56*1000),"-") -> - | H56: {=_xlfn.IFS(G56="-","-",ABS(G56)<=$Q$7,"Yes",TRUE,"No")} -> #NAME? | I56: =IF(H56="No",_xlfn.TEXTJOIN("",TRUE,"輸入功率誤差>",$Q$7*100,"%"),"") -> #NAME?
D57: =電機廠報告與驗收規範!$J$36 -> 2 | E57: =IF(電機廠報告與驗收規範!W36="","-",電機廠報告與驗收規範!W36) -> - | F57: =IF(電機廠報告與驗收規範!Y36="","-",電機廠報告與驗收規範!Y36) -> - | G57: =IF(E35<>"-",(3^0.5*AVERAGE(E35:G35)*AVERAGE(E46:G46)*F57-E57*1000)/(E57*1000),"-") -> - | H57: {=_xlfn.IFS(G57="-","-",ABS(G57)<=$Q$7,"Yes",TRUE,"No")} -> #NAME? | I57: =IF(H57="No",_xlfn.TEXTJOIN("",TRUE,"輸入功率誤差>",$Q$7*100,"%"),"") -> #NAME?
D58: =電機廠報告與驗收規範!$J$37 -> 2.5 | E58: =IF(電機廠報告與驗收規範!W37="","-",電機廠報告與驗收規範!W37) -> - | F58: =IF(電機廠報告與驗收規範!Y37="","-",電機廠報告與驗收規範!Y37) -> - | G58: =IF(E36<>"-",(3^0.5*AVERAGE(E36:G36)*AVERAGE(E47:G47)*F58-E58*1000)/(E58*1000),"-") -> - | H58: {=_xlfn.IFS(G58="-","-",ABS(G58)<=$Q$7,"Yes",TRUE,"No")} -> #NAME? | I58: =IF(H58="No",_xlfn.TEXTJOIN("",TRUE,"輸入功率誤差>",$Q$7*100,"%"),"") -> #NAME?
D59: =電機廠報告與驗收規範!$J$38 -> 3 | E59: =IF(電機廠報告與驗收規範!W38="","-",電機廠報告與驗收規範!W38) -> - | F59: =IF(電機廠報告與驗收規範!Y38="","-",電機廠報告與驗收規範!Y38) -> - | G59: =IF(E37<>"-",(3^0.5*AVERAGE(E37:G37)*AVERAGE(E48:G48)*F59-E59*1000)/(E59*1000),"-") -> - | H59: {=_xlfn.IFS(G59="-","-",ABS(G59)<=$Q$7,"Yes",TRUE,"No")} -> #NAME? | I59: =IF(H59="No",_xlfn.TEXTJOIN("",TRUE,"輸入功率誤差>",$Q$7*100,"%"),"") -> #NAME?
D60: =電機廠報告與驗收規範!$J$39 -> 3.5 | E60: =IF(電機廠報告與驗收規範!W39="","-",電機廠報告與驗收規範!W39) -> - | F60: =IF(電機廠報告與驗收規範!Y39="","-",電機廠報告與驗收規範!Y39) -> - | G60: =IF(E38<>"-",(3^0.5*AVERAGE(E38:G38)*AVERAGE(E49:G49)*F60-E60*1000)/(E60*1000),"-") -> - | H60: {=_xlfn.IFS(G60="-","-",ABS(G60)<=$Q$7,"Yes",TRUE,"No")} -> #NAME? | I60: =IF(H60="No",_xlfn.TEXTJOIN("",TRUE,"輸入功率誤差>",$Q$7*100,"%"),"") -> #NAME?
D61: =電機廠報告與驗收規範!$J$40 -> 4 | E61: =IF(電機廠報告與驗收規範!W40="","-",電機廠報告與驗收規範!W40) -> - | F61: =IF(電機廠報告與驗收規範!Y40="","-",電機廠報告與驗收規範!Y40) -> - | G61: =IF(E39<>"-",(3^0.5*AVERAGE(E39:G39)*AVERAGE(E50:G50)*F61-E61*1000)/(E61*1000),"-") -> - | H61: {=_xlfn.IFS(G61="-","-",ABS(G61)<=$Q$7,"Yes",TRUE,"No")} -> #NAME? | I61: =IF(H61="No",_xlfn.TEXTJOIN("",TRUE,"輸入功率誤差>",$Q$7*100,"%"),"") -> #NAME?
D62: =電機廠報告與驗收規範!$J$41 -> 最高轉速 | E62: =IF(電機廠報告與驗收規範!W41="","-",電機廠報告與驗收規範!W41) -> - | G62: =IF(E40<>"-",(3^0.5*AVERAGE(E40:G40)*AVERAGE(E51:G51)*F62-E62*1000)/(E62*1000),"-") -> - | H62: {=_xlfn.IFS(G62="-","-",ABS(G62)<=$Q$7,"Yes",TRUE,"No")} -> #NAME? | I62: =IF(H62="No",_xlfn.TEXTJOIN("",TRUE,"輸入功率誤差>",$Q$7*100,"%"),"") -> #NAME?
D63: 目標轉速(%) | E63: 電機輸出功率(kW) | F63: 效率(%) | G63: 輸出功率誤差 | H63: 是否符合 | I63: 未通過原因
D65: =電機廠報告與驗收規範!$J$33 -> 0.5 | E65: =IF(電機廠報告與驗收規範!X33="","-",電機廠報告與驗收規範!X33) -> 5.5 | F65: =IF(電機廠報告與驗收規範!Z33="","-",電機廠報告與驗收規範!Z33) -> 81.6 | G65: =IF(E54<>"-",(E54*F65/100-E65)/E65,"-") -> 0.0014545455 | H65: {=_xlfn.IFS(G65="-","-",ABS(G65)<=$Q$8,"Yes",TRUE,"No")} -> #NAME? | I65: =IF(H65="No",_xlfn.TEXTJOIN("",TRUE,"輸出功率誤差>",$Q$8*100,"%"),"") -> #NAME?
D66: =電機廠報告與驗收規範!$J$34 -> 1 | E66: =IF(電機廠報告與驗收規範!X34="","-",電機廠報告與驗收規範!X34) -> 10.91 | F66: =IF(電機廠報告與驗收規範!Z34="","-",電機廠報告與驗收規範!Z34) -> 87 | G66: =IF(E55<>"-",(E55*F66/100-E66)/E66,"-") -> -0.00081576535 | H66: {=_xlfn.IFS(G66="-","-",ABS(G66)<=$Q$8,"Yes",TRUE,"No")} -> #NAME? | I66: =IF(H66="No",_xlfn.TEXTJOIN("",TRUE,"輸出功率誤差>",$Q$8*100,"%"),"") -> #NAME?
D67: =電機廠報告與驗收規範!$J$35 -> 1.5 | E67: =IF(電機廠報告與驗收規範!X35="","-",電機廠報告與驗收規範!X35) -> - | F67: =IF(電機廠報告與驗收規範!Z35="","-",電機廠報告與驗收規範!Z35) -> - | G67: =IF(E56<>"-",(E56*F67/100-E67)/E67,"-") -> - | H67: {=_xlfn.IFS(G67="-","-",ABS(G67)<=$Q$8,"Yes",TRUE,"No")} -> #NAME? | I67: =IF(H67="No",_xlfn.TEXTJOIN("",TRUE,"輸出功率誤差>",$Q$8*100,"%"),"") -> #NAME?
D68: =電機廠報告與驗收規範!$J$36 -> 2 | E68: =IF(電機廠報告與驗收規範!X36="","-",電機廠報告與驗收規範!X36) -> - | F68: =IF(電機廠報告與驗收規範!Z36="","-",電機廠報告與驗收規範!Z36) -> - | G68: =IF(E57<>"-",(E57*F68/100-E68)/E68,"-") -> - | H68: {=_xlfn.IFS(G68="-","-",ABS(G68)<=$Q$8,"Yes",TRUE,"No")} -> #NAME? | I68: =IF(H68="No",_xlfn.TEXTJOIN("",TRUE,"輸出功率誤差>",$Q$8*100,"%"),"") -> #NAME?
D69: =電機廠報告與驗收規範!$J$37 -> 2.5 | E69: =IF(電機廠報告與驗收規範!X37="","-",電機廠報告與驗收規範!X37) -> - | F69: =IF(電機廠報告與驗收規範!Z37="","-",電機廠報告與驗收規範!Z37) -> - | G69: =IF(E58<>"-",(E58*F69/100-E69)/E69,"-") -> - | H69: {=_xlfn.IFS(G69="-","-",ABS(G69)<=$Q$8,"Yes",TRUE,"No")} -> #NAME? | I69: =IF(H69="No",_xlfn.TEXTJOIN("",TRUE,"輸出功率誤差>",$Q$8*100,"%"),"") -> #NAME?
D70: =電機廠報告與驗收規範!$J$38 -> 3 | E70: =IF(電機廠報告與驗收規範!X38="","-",電機廠報告與驗收規範!X38) -> - | F70: =IF(電機廠報告與驗收規範!Z38="","-",電機廠報告與驗收規範!Z38) -> - | G70: =IF(E59<>"-",(E59*F70/100-E70)/E70,"-") -> - | H70: {=_xlfn.IFS(G70="-","-",ABS(G70)<=$Q$8,"Yes",TRUE,"No")} -> #NAME? | I70: =IF(H70="No",_xlfn.TEXTJOIN("",TRUE,"輸出功率誤差>",$Q$8*100,"%"),"") -> #NAME?
D71: =電機廠報告與驗收規範!$J$39 -> 3.5 | E71: =IF(電機廠報告與驗收規範!X39="","-",電機廠報告與驗收規範!X39) -> - | F71: =IF(電機廠報告與驗收規範!Z39="","-",電機廠報告與驗收規範!Z39) -> - | G71: =IF(E60<>"-",(E60*F71/100-E71)/E71,"-") -> - | H71: {=_xlfn.IFS(G71="-","-",ABS(G71)<=$Q$8,"Yes",TRUE,"No")} -> #NAME? | I71: =IF(H71="No",_xlfn.TEXTJOIN("",TRUE,"輸出功率誤差>",$Q$8*100,"%"),"") -> #NAME?
D72: =電機廠報告與驗收規範!$J$40 -> 4 | E72: =IF(電機廠報告與驗收規範!X40="","-",電機廠報告與驗收規範!X40) -> - | F72: =IF(電機廠報告與驗收規範!Z40="","-",電機廠報告與驗收規範!Z40) -> - | G72: =IF(E61<>"-",(E61*F72/100-E72)/E72,"-") -> - | H72: {=_xlfn.IFS(G72="-","-",ABS(G72)<=$Q$8,"Yes",TRUE,"No")} -> #NAME? | I72: =IF(H72="No",_xlfn.TEXTJOIN("",TRUE,"輸出功率誤差>",$Q$8*100,"%"),"") -> #NAME?
D73: =電機廠報告與驗收規範!$J$41 -> 最高轉速 | E73: =IF(電機廠報告與驗收規範!X41="","-",電機廠報告與驗收規範!X41) -> - | F73: =IF(電機廠報告與驗收規範!Z41="","-",電機廠報告與驗收規範!Z41) -> - | G73: =IF(E62<>"-",(E62*F73/100-E73)/E73,"-") -> - | H73: {=_xlfn.IFS(G73="-","-",ABS(G73)<=$Q$8,"Yes",TRUE,"No")} -> #NAME? | I73: =IF(H73="No",_xlfn.TEXTJOIN("",TRUE,"輸出功率誤差>",$Q$8*100,"%"),"") -> #NAME?
A74: 11 | B74: S2 短時間使用150%負載測試 | C74: 電機於一定負荷下,，短時間連續運轉 N sec a .負載率 : 於額定轉速下須為150%。額定轉速後定功率區轉矩設定依照推算的設定。 b. 運轉時間 : 在一定負載下電機由啟動運轉未達熱平衡之時間 (註2)。 (啟動溫度需與測試環境差在2°C之內)。 參考以下紀錄負載T-N與P-N曲線測試數據 初始轉速: 50%額定轉速測試 轉速間隔: 50%額定轉速 最終轉速:電機最高轉速規格 最終扭力: 該轉速對應T-N曲線規格最大扭力 無法提供的數據請備註原因， 並填上N/A 其餘細節參考表格下方備註 | D74: 目標轉速(%) | E74: 目標轉速(RPM) | F74: 量測轉速(RPM) | G74: 轉速誤差(%) | H74: 是否符合 | I74: 未通過原因
D76: =電機廠報告與驗收規範!$J$44 -> 50% | E76: =電機廠報告與驗收規範!$J$3*D76 -> 750 | F76: =IF(電機廠報告與驗收規範!N44="","-",電機廠報告與驗收規範!N44) -> 749 | G76: =IF(F76<>"-",(F76-E76)/E76,"-") -> -0.0013333333 | H76: {=_xlfn.IFS(G76="-","-",ABS(G76)<=$Q$15,"Yes",TRUE,"No")} -> #NAME? | I76: =IF(H76="No",_xlfn.TEXTJOIN("",TRUE,"轉速誤差>",$Q$15*100,"%"),"") -> #NAME?
D77: =電機廠報告與驗收規範!$J$45 -> 1 | E77: =電機廠報告與驗收規範!$J$3*D77 -> 1500 | F77: =IF(電機廠報告與驗收規範!N45="","-",電機廠報告與驗收規範!N45) -> 1490 | G77: =IF(F77<>"-",(F77-E77)/E77,"-") -> -0.0066666667 | H77: {=_xlfn.IFS(G77="-","-",ABS(G77)<=$Q$15,"Yes",TRUE,"No")} -> #NAME? | I77: =IF(H77="No",_xlfn.TEXTJOIN("",TRUE,"轉速誤差>",$Q$15*100,"%"),"") -> #NAME?
D78: =電機廠報告與驗收規範!$J$46 -> 1.5 | E78: =電機廠報告與驗收規範!$J$3*D78 -> 2250 | F78: =IF(電機廠報告與驗收規範!N46="","-",電機廠報告與驗收規範!N46) -> - | G78: =IF(F78<>"-",(F78-E78)/E78,"-") -> - | H78: {=_xlfn.IFS(G78="-","-",ABS(G78)<=$Q$15,"Yes",TRUE,"No")} -> #NAME? | I78: =IF(H78="No",_xlfn.TEXTJOIN("",TRUE,"轉速誤差>",$Q$15*100,"%"),"") -> #NAME?
D79: =電機廠報告與驗收規範!$J$47 -> 2 | E79: =電機廠報告與驗收規範!$J$3*D79 -> 3000 | F79: =IF(電機廠報告與驗收規範!N47="","-",電機廠報告與驗收規範!N47) -> - | G79: =IF(F79<>"-",(F79-E79)/E79,"-") -> - | H79: {=_xlfn.IFS(G79="-","-",ABS(G79)<=$Q$15,"Yes",TRUE,"No")} -> #NAME? | I79: =IF(H79="No",_xlfn.TEXTJOIN("",TRUE,"轉速誤差>",$Q$15*100,"%"),"") -> #NAME?
D80: =電機廠報告與驗收規範!$J$48 -> 2.5 | E80: =電機廠報告與驗收規範!$J$3*D80 -> 3750 | F80: =IF(電機廠報告與驗收規範!N48="","-",電機廠報告與驗收規範!N48) -> - | G80: =IF(F80<>"-",(F80-E80)/E80,"-") -> - | H80: {=_xlfn.IFS(G80="-","-",ABS(G80)<=$Q$15,"Yes",TRUE,"No")} -> #NAME? | I80: =IF(H80="No",_xlfn.TEXTJOIN("",TRUE,"轉速誤差>",$Q$15*100,"%"),"") -> #NAME?
D81: =電機廠報告與驗收規範!$J$49 -> 3 | E81: =電機廠報告與驗收規範!$J$3*D81 -> 4500 | F81: =IF(電機廠報告與驗收規範!N49="","-",電機廠報告與驗收規範!N49) -> - | G81: =IF(F81<>"-",(F81-E81)/E81,"-") -> - | H81: {=_xlfn.IFS(G81="-","-",ABS(G81)<=$Q$15,"Yes",TRUE,"No")} -> #NAME? | I81: =IF(H81="No",_xlfn.TEXTJOIN("",TRUE,"轉速誤差>",$Q$15*100,"%"),"") -> #NAME?
D82: =電機廠報告與驗收規範!$J$50 -> 3.5 | E82: =電機廠報告與驗收規範!$J$3*D82 -> 5250 | F82: =IF(電機廠報告與驗收規範!N50="","-",電機廠報告與驗收規範!N50) -> - | G82: =IF(F82<>"-",(F82-E82)/E82,"-") -> - | H82: {=_xlfn.IFS(G82="-","-",ABS(G82)<=$Q$15,"Yes",TRUE,"No")} -> #NAME? | I82: =IF(H82="No",_xlfn.TEXTJOIN("",TRUE,"轉速誤差>",$Q$15*100,"%"),"") -> #NAME?
D83: =電機廠報告與驗收規範!$J$51 -> 4 | E83: =電機廠報告與驗收規範!$J$3*D83 -> 6000 | F83: =IF(電機廠報告與驗收規範!N51="","-",電機廠報告與驗收規範!N51) -> - | G83: =IF(F83<>"-",(F83-E83)/E83,"-") -> - | H83: {=_xlfn.IFS(G83="-","-",ABS(G83)<=$Q$15,"Yes",TRUE,"No")} -> #NAME? | I83: =IF(H83="No",_xlfn.TEXTJOIN("",TRUE,"轉速誤差>",$Q$15*100,"%"),"") -> #NAME?
D84: =電機廠報告與驗收規範!$J$52 -> 最高轉速 | E84: =電機廠報告與驗收規範!H5 -> 8000 | F84: =IF(電機廠報告與驗收規範!N52="","-",電機廠報告與驗收規範!N52) -> - | G84: =IF(F84<>"-",(F84-E84)/E84,"-") -> - | H84: {=_xlfn.IFS(G84="-","-",ABS(G84)<=$Q$15,"Yes",TRUE,"No")} -> #NAME? | I84: =IF(H84="No",_xlfn.TEXTJOIN("",TRUE,"轉速誤差>",$Q$15*100,"%"),"") -> #NAME?
D85: 目標轉速(%) | E85: 轉矩設定(%) | F85: 轉矩設定(Nm) | G85: 量測轉矩(Nm) | H85: 轉矩誤差 (%) | I85: 是否符合 | J85: 未通過原因
D87: =電機廠報告與驗收規範!$J$44 -> 50% | E87: =電機廠報告與驗收規範!L44 -> 1.5 | F87: =電機廠報告與驗收規範!M44 -> 105 | G87: =IF(電機廠報告與驗收規範!P44="","-",電機廠報告與驗收規範!P44) -> 105.3 | H87: =IF(G87<>"-",(G87-F87)/F87,"-") -> 0.0028571429 | I87: {=_xlfn.IFS(H87="-","-",ABS(H87)<=$Q$16,"Yes",TRUE,"No")} -> #NAME? | J87: =IF(I87="No",_xlfn.TEXTJOIN("",TRUE,"轉矩誤差>",$Q$16*100,"%"),"") -> #NAME?
D88: =電機廠報告與驗收規範!$J$45 -> 1 | E88: =電機廠報告與驗收規範!L45 -> 1.5 | F88: =電機廠報告與驗收規範!M45 -> 105 | G88: =IF(電機廠報告與驗收規範!P45="","-",電機廠報告與驗收規範!P45) -> 105.9 | H88: =IF(G88<>"-",(G88-F88)/F88,"-") -> 0.0085714286 | I88: {=_xlfn.IFS(H88="-","-",ABS(H88)<=$Q$16,"Yes",TRUE,"No")} -> #NAME? | J88: =IF(I88="No",_xlfn.TEXTJOIN("",TRUE,"轉矩誤差>",$Q$16*100,"%"),"") -> #NAME?
D89: =電機廠報告與驗收規範!$J$46 -> 1.5 | E89: =電機廠報告與驗收規範!L46 -> 1 | F89: =電機廠報告與驗收規範!M46 -> 70 | G89: =IF(電機廠報告與驗收規範!P46="","-",電機廠報告與驗收規範!P46) -> - | H89: =IF(G89<>"-",(G89-F89)/F89,"-") -> - | I89: {=_xlfn.IFS(H89="-","-",ABS(H89)<=$Q$16,"Yes",TRUE,"No")} -> #NAME? | J89: =IF(I89="No",_xlfn.TEXTJOIN("",TRUE,"轉矩誤差>",$Q$16*100,"%"),"") -> #NAME?
D90: =電機廠報告與驗收規範!$J$47 -> 2 | E90: =電機廠報告與驗收規範!L47 -> 0.75 | F90: =電機廠報告與驗收規範!M47 -> 52.5 | G90: =IF(電機廠報告與驗收規範!P47="","-",電機廠報告與驗收規範!P47) -> - | H90: =IF(G90<>"-",(G90-F90)/F90,"-") -> - | I90: {=_xlfn.IFS(H90="-","-",ABS(H90)<=$Q$16,"Yes",TRUE,"No")} -> #NAME? | J90: =IF(I90="No",_xlfn.TEXTJOIN("",TRUE,"轉矩誤差>",$Q$16*100,"%"),"") -> #NAME?
D91: =電機廠報告與驗收規範!$J$48 -> 2.5 | E91: =電機廠報告與驗收規範!L48 -> 0.6 | F91: =電機廠報告與驗收規範!M48 -> 42 | G91: =IF(電機廠報告與驗收規範!P48="","-",電機廠報告與驗收規範!P48) -> - | H91: =IF(G91<>"-",(G91-F91)/F91,"-") -> - | I91: {=_xlfn.IFS(H91="-","-",ABS(H91)<=$Q$16,"Yes",TRUE,"No")} -> #NAME? | J91: =IF(I91="No",_xlfn.TEXTJOIN("",TRUE,"轉矩誤差>",$Q$16*100,"%"),"") -> #NAME?
D92: =電機廠報告與驗收規範!$J$49 -> 3 | E92: =電機廠報告與驗收規範!L49 -> 0.5 | F92: =電機廠報告與驗收規範!M49 -> 35 | G92: =IF(電機廠報告與驗收規範!P49="","-",電機廠報告與驗收規範!P49) -> - | H92: =IF(G92<>"-",(G92-F92)/F92,"-") -> - | I92: {=_xlfn.IFS(H92="-","-",ABS(H92)<=$Q$16,"Yes",TRUE,"No")} -> #NAME? | J92: =IF(I92="No",_xlfn.TEXTJOIN("",TRUE,"轉矩誤差>",$Q$16*100,"%"),"") -> #NAME?
D93: =電機廠報告與驗收規範!$J$50 -> 3.5 | E93: =電機廠報告與驗收規範!L50 -> 0.42857143 | F93: =電機廠報告與驗收規範!M50 -> 30 | G93: =IF(電機廠報告與驗收規範!P50="","-",電機廠報告與驗收規範!P50) -> - | H93: =IF(G93<>"-",(G93-F93)/F93,"-") -> - | I93: {=_xlfn.IFS(H93="-","-",ABS(H93)<=$Q$16,"Yes",TRUE,"No")} -> #NAME? | J93: =IF(I93="No",_xlfn.TEXTJOIN("",TRUE,"轉矩誤差>",$Q$16*100,"%"),"") -> #NAME?
D94: =電機廠報告與驗收規範!$J$51 -> 4 | E94: =電機廠報告與驗收規範!L51 -> 0.375 | F94: =電機廠報告與驗收規範!M51 -> 26.25 | G94: =IF(電機廠報告與驗收規範!P51="","-",電機廠報告與驗收規範!P51) -> - | H94: =IF(G94<>"-",(G94-F94)/F94,"-") -> - | I94: {=_xlfn.IFS(H94="-","-",ABS(H94)<=$Q$16,"Yes",TRUE,"No")} -> #NAME? | J94: =IF(I94="No",_xlfn.TEXTJOIN("",TRUE,"轉矩誤差>",$Q$16*100,"%"),"") -> #NAME?
D95: =電機廠報告與驗收規範!$J$52 -> 最高轉速 | E95: =電機廠報告與驗收規範!L52 -> 0.1875 | F95: =電機廠報告與驗收規範!M52 -> 19.6875 | G95: =IF(電機廠報告與驗收規範!P52="","-",電機廠報告與驗收規範!P52) -> - | H95: =IF(G95<>"-",(G95-F95)/F95,"-") -> - | I95: {=_xlfn.IFS(H95="-","-",ABS(H95)<=$Q$16,"Yes",TRUE,"No")} -> #NAME? | J95: =IF(I95="No",_xlfn.TEXTJOIN("",TRUE,"轉矩誤差>",$Q$16*100,"%"),"") -> #NAME?
D96: 目標轉速(%) | E96: 線電壓1(Vrms) | F96: 線電壓2(Vrms) | G96: 線電壓3(Vrms) | H96: 平均電壓誤差(%) | I96: 是否符合 | J96: 未通過原因 | K96: 三相電壓誤差(%) | L96: 是否符合 | M96: 未通過原因
D98: =電機廠報告與驗收規範!$J$44 -> 50% | E98: =IF(電機廠報告與驗收規範!Q44="","-",電機廠報告與驗收規範!Q44) -> 138.6 | F98: =IF(電機廠報告與驗收規範!R44="","-",電機廠報告與驗收規範!R44) -> 138.5 | G98: =IF(電機廠報告與驗收規範!S44="","-",電機廠報告與驗收規範!S44) -> 138.5 | K98: =IF(E98<>"-",(MAX(E98:G98)-MIN(E98:G98))/MIN(E98:G98),"-") -> 0.00072202166 | L98: {=_xlfn.IFS(K98="-","-",K98<=$Q$20,"Yes",TRUE,"No")} -> #NAME? | M98: =IF(L98="No",_xlfn.TEXTJOIN("",TRUE,"三相電壓誤差>",$Q$20*100,"%"),"") -> #NAME?
D99: =電機廠報告與驗收規範!$J$45 -> 1 | E99: =IF(電機廠報告與驗收規範!Q45="","-",電機廠報告與驗收規範!Q45) -> 258.3 | F99: =IF(電機廠報告與驗收規範!R45="","-",電機廠報告與驗收規範!R45) -> 258.3 | G99: =IF(電機廠報告與驗收規範!S45="","-",電機廠報告與驗收規範!S45) -> 258.4 | H99: =IF(E99<>"-",(AVERAGE(E99:G99)-電機廠報告與驗收規範!$H$3)/電機廠報告與驗收規範!$H$3,"-") -> -0.0064102564 | I99: {=_xlfn.IFS(H99="-","-",ABS(H99)<=$Q$19,"Yes",TRUE,"No")} -> #NAME? | J99: =IF(I99="No",_xlfn.TEXTJOIN("",TRUE,"平均電壓誤差>",$Q$19*100,"%"),"") -> #NAME? | K99: =IF(E99<>"-",(MAX(E99:G99)-MIN(E99:G99))/MIN(E99:G99),"-") -> 0.00038714673 | L99: {=_xlfn.IFS(K99="-","-",K99<=$Q$20,"Yes",TRUE,"No")} -> #NAME? | M99: =IF(L99="No",_xlfn.TEXTJOIN("",TRUE,"三相電壓誤差>",$Q$20*100,"%"),"") -> #NAME?
D100: =電機廠報告與驗收規範!$J$46 -> 1.5 | E100: =IF(電機廠報告與驗收規範!Q46="","-",電機廠報告與驗收規範!Q46) -> - | F100: =IF(電機廠報告與驗收規範!R46="","-",電機廠報告與驗收規範!R46) -> - | G100: =IF(電機廠報告與驗收規範!S46="","-",電機廠報告與驗收規範!S46) -> - | H100: =IF(E100<>"-",(AVERAGE(E100:G100)-電機廠報告與驗收規範!$H$3)/電機廠報告與驗收規範!$H$3,"-") -> - | I100: {=_xlfn.IFS(H100="-","-",ABS(H100)<=$Q$19,"Yes",TRUE,"No")} -> #NAME? | J100: =IF(I100="No",_xlfn.TEXTJOIN("",TRUE,"平均電壓誤差>",$Q$19*100,"%"),"") -> #NAME? | K100: =IF(E100<>"-",(MAX(E100:G100)-MIN(E100:G100))/MIN(E100:G100),"-") -> - | L100: {=_xlfn.IFS(K100="-","-",K100<=$Q$20,"Yes",TRUE,"No")} -> #NAME? | M100: =IF(L100="No",_xlfn.TEXTJOIN("",TRUE,"三相電壓誤差>",$Q$20*100,"%"),"") -> #NAME?
D101: =電機廠報告與驗收規範!$J$47 -> 2 | E101: =IF(電機廠報告與驗收規範!Q47="","-",電機廠報告與驗收規範!Q47) -> - | F101: =IF(電機廠報告與驗收規範!R47="","-",電機廠報告與驗收規範!R47) -> - | G101: =IF(電機廠報告與驗收規範!S47="","-",電機廠報告與驗收規範!S47) -> - | H101: =IF(E101<>"-",(AVERAGE(E101:G101)-電機廠報告與驗收規範!$H$3)/電機廠報告與驗收規範!$H$3,"-") -> - | I101: {=_xlfn.IFS(H101="-","-",ABS(H101)<=$Q$19,"Yes",TRUE,"No")} -> #NAME? | J101: =IF(I101="No",_xlfn.TEXTJOIN("",TRUE,"平均電壓誤差>",$Q$19*100,"%"),"") -> #NAME? | K101: =IF(E101<>"-",(MAX(E101:G101)-MIN(E101:G101))/MIN(E101:G101),"-") -> - | L101: {=_xlfn.IFS(K101="-","-",K101<=$Q$20,"Yes",TRUE,"No")} -> #NAME? | M101: =IF(L101="No",_xlfn.TEXTJOIN("",TRUE,"三相電壓誤差>",$Q$20*100,"%"),"") -> #NAME?
D102: =電機廠報告與驗收規範!$J$48 -> 2.5 | E102: =IF(電機廠報告與驗收規範!Q48="","-",電機廠報告與驗收規範!Q48) -> - | F102: =IF(電機廠報告與驗收規範!R48="","-",電機廠報告與驗收規範!R48) -> - | G102: =IF(電機廠報告與驗收規範!S48="","-",電機廠報告與驗收規範!S48) -> - | H102: =IF(E102<>"-",(AVERAGE(E102:G102)-電機廠報告與驗收規範!$H$3)/電機廠報告與驗收規範!$H$3,"-") -> - | I102: {=_xlfn.IFS(H102="-","-",ABS(H102)<=$Q$19,"Yes",TRUE,"No")} -> #NAME? | J102: =IF(I102="No",_xlfn.TEXTJOIN("",TRUE,"平均電壓誤差>",$Q$19*100,"%"),"") -> #NAME? | K102: =IF(E102<>"-",(MAX(E102:G102)-MIN(E102:G102))/MIN(E102:G102),"-") -> - | L102: {=_xlfn.IFS(K102="-","-",K102<=$Q$20,"Yes",TRUE,"No")} -> #NAME? | M102: =IF(L102="No",_xlfn.TEXTJOIN("",TRUE,"三相電壓誤差>",$Q$20*100,"%"),"") -> #NAME?
D103: =電機廠報告與驗收規範!$J$49 -> 3 | E103: =IF(電機廠報告與驗收規範!Q49="","-",電機廠報告與驗收規範!Q49) -> - | F103: =IF(電機廠報告與驗收規範!R49="","-",電機廠報告與驗收規範!R49) -> - | G103: =IF(電機廠報告與驗收規範!S49="","-",電機廠報告與驗收規範!S49) -> - | H103: =IF(E103<>"-",(AVERAGE(E103:G103)-電機廠報告與驗收規範!$H$3)/電機廠報告與驗收規範!$H$3,"-") -> - | I103: {=_xlfn.IFS(H103="-","-",ABS(H103)<=$Q$19,"Yes",TRUE,"No")} -> #NAME? | J103: =IF(I103="No",_xlfn.TEXTJOIN("",TRUE,"平均電壓誤差>",$Q$19*100,"%"),"") -> #NAME? | K103: =IF(E103<>"-",(MAX(E103:G103)-MIN(E103:G103))/MIN(E103:G103),"-") -> - | L103: {=_xlfn.IFS(K103="-","-",K103<=$Q$20,"Yes",TRUE,"No")} -> #NAME? | M103: =IF(L103="No",_xlfn.TEXTJOIN("",TRUE,"三相電壓誤差>",$Q$20*100,"%"),"") -> #NAME?
D104: =電機廠報告與驗收規範!$J$50 -> 3.5 | E104: =IF(電機廠報告與驗收規範!Q50="","-",電機廠報告與驗收規範!Q50) -> - | F104: =IF(電機廠報告與驗收規範!R50="","-",電機廠報告與驗收規範!R50) -> - | G104: =IF(電機廠報告與驗收規範!S50="","-",電機廠報告與驗收規範!S50) -> - | H104: =IF(E104<>"-",(AVERAGE(E104:G104)-電機廠報告與驗收規範!$H$3)/電機廠報告與驗收規範!$H$3,"-") -> - | I104: {=_xlfn.IFS(H104="-","-",ABS(H104)<=$Q$19,"Yes",TRUE,"No")} -> #NAME? | J104: =IF(I104="No",_xlfn.TEXTJOIN("",TRUE,"平均電壓誤差>",$Q$19*100,"%"),"") -> #NAME? | K104: =IF(E104<>"-",(MAX(E104:G104)-MIN(E104:G104))/MIN(E104:G104),"-") -> - | L104: {=_xlfn.IFS(K104="-","-",K104<=$Q$20,"Yes",TRUE,"No")} -> #NAME? | M104: =IF(L104="No",_xlfn.TEXTJOIN("",TRUE,"三相電壓誤差>",$Q$20*100,"%"),"") -> #NAME?
D105: =電機廠報告與驗收規範!$J$51 -> 4 | E105: =IF(電機廠報告與驗收規範!Q51="","-",電機廠報告與驗收規範!Q51) -> - | F105: =IF(電機廠報告與驗收規範!R51="","-",電機廠報告與驗收規範!R51) -> - | G105: =IF(電機廠報告與驗收規範!S51="","-",電機廠報告與驗收規範!S51) -> - | H105: =IF(E105<>"-",(AVERAGE(E105:G105)-電機廠報告與驗收規範!$H$3)/電機廠報告與驗收規範!$H$3,"-") -> - | I105: {=_xlfn.IFS(H105="-","-",ABS(H105)<=$Q$19,"Yes",TRUE,"No")} -> #NAME? | J105: =IF(I105="No",_xlfn.TEXTJOIN("",TRUE,"平均電壓誤差>",$Q$19*100,"%"),"") -> #NAME? | K105: =IF(E105<>"-",(MAX(E105:G105)-MIN(E105:G105))/MIN(E105:G105),"-") -> - | L105: {=_xlfn.IFS(K105="-","-",K105<=$Q$20,"Yes",TRUE,"No")} -> #NAME? | M105: =IF(L105="No",_xlfn.TEXTJOIN("",TRUE,"三相電壓誤差>",$Q$20*100,"%"),"") -> #NAME?
D106: =電機廠報告與驗收規範!$J$52 -> 最高轉速 | E106: =IF(電機廠報告與驗收規範!Q52="","-",電機廠報告與驗收規範!Q52) -> - | F106: =IF(電機廠報告與驗收規範!R52="","-",電機廠報告與驗收規範!R52) -> - | G106: =IF(電機廠報告與驗收規範!S52="","-",電機廠報告與驗收規範!S52) -> - | H106: =IF(E106<>"-",(AVERAGE(E106:G106)-電機廠報告與驗收規範!$H$3)/電機廠報告與驗收規範!$H$3,"-") -> - | I106: {=_xlfn.IFS(H106="-","-",ABS(H106)<=$Q$19,"Yes",TRUE,"No")} -> #NAME? | J106: =IF(I106="No",_xlfn.TEXTJOIN("",TRUE,"平均電壓誤差>",$Q$19*100,"%"),"") -> #NAME? | K106: =IF(E106<>"-",(MAX(E106:G106)-MIN(E106:G106))/MIN(E106:G106),"-") -> - | L106: {=_xlfn.IFS(K106="-","-",K106<=$Q$20,"Yes",TRUE,"No")} -> #NAME? | M106: =IF(L106="No",_xlfn.TEXTJOIN("",TRUE,"三相電壓誤差>",$Q$20*100,"%"),"") -> #NAME?
D107: 目標轉速(%) | E107: 線電流1(Arms) | F107: 線電流2(Arms) | G107: 線電流3(Arms) | H107: 三相電流誤差(%) | I107: 是否符合 | J107: 未通過原因
...

Sheet 相關表格
B4: 水冷進水口溫度降額表 | L4: 水冷進水口流速表
